Respondent Number,Q1: Vacation City,Q2: Season,Q3: Year Visited,Q4: Trip Duration in Days,Q5: Number of Overseas Trips Taken,Q6: Total Trip Cost (includes air),Q7: Airfare Cost,Q8: Amount Spent on Souvenirs,Q9: First Time to this City,Q10: Traveled Alone,Q11,Q11: The City had Good Restuarants,Q12,Q12: My Accomodations were Good ,Q13,Q13: There were Good Historical Sites,Q14,Q14: Overall Trip Satisfaction,Q15,Q15: Gender ,Q16,Q16: Race/Ethnicity,Q17: Number of Travelers,Q18: Age of Traveler,Q19: Hotel,Q20: Museums,Q21: Food,Q22: Nightlife,Q23: Activities,Q24: Cost,Q25: Hotel,Q26: Museums,Q27: Food,Q28: Nightlife,Q29: Activities,Q30: Cost,Q31: I would Recommend this City,,Q19-Q24
1,London,Summer,1993,14,1,"$33,000 ","$1,650 ",$120 ,No,Yes,3,Neither Agree nor Disagree,3,Neither Agree nor Disagree,3,Neither Agree nor Disagree,3,Fair,2,Female,2,Black,5,55,1,3,3,3,5,1,1,3,3,3,5,1,1,,
2,Sydney,Winter,1992,14,4,"$32,000 ","$1,650 ",$60 ,Yes,No,4,Somewhat Disagree,4,Somewhat Disagree,4,Somewhat Disagree,4,Poor,2,Female,2,Black,3,30,6,5,5,5,5,5,6,5,5,5,5,6,6,,1=Very Unsatisfied
3,Moscow,Winter,1994,14,7,"$25,000 ","$1,200 ",$105 ,Yes,Yes,2,Somewhat Agree,1,Agree,1,Agree,1,Excellent,1,Male,2,Black,5,76,2,5,8,3,3,2,2,5,8,3,8,2,2,,10=Very Satisfied
4,Sydney,Winter,1994,14,2,"$25,000 ","$1,200 ",$120 ,Yes,Yes,5,Disagree,5,Disagree,5,Disagree,1,Excellent,1,Male,4,White,5,61,6,3,3,3,6,6,6,3,3,3,3,6,6,,
5,Sydney,Winter,1986,14,3,"$25,000 ","$1,750 ",$240 ,No,No,2,Somewhat Agree,2,Somewhat Agree,4,Somewhat Disagree,5,Bad,1,Male,1,Asian,4,38,4,4,5,5,4,4,4,4,5,5,5,4,4,,
6,Sydney,Spring,1985,14,3,"$25,000 ","$1,600 ",$600 ,No,No,4,Somewhat Disagree,4,Somewhat Disagree,1,Agree,2,Good,2,Female,1,Asian,5,55,3,10,10,10,3,3,3,10,10,10,1,3,3,,
7,Sydney,Spring,1989,14,1,"$22,000 ","$1,500 ",$135 ,No,Yes,2,Somewhat Agree,1,Agree,2,Somewhat Agree,2,Good,1,Male,2,Black,7,50,6,8,3,8,5,5,6,8,3,8,5,5,5,,Q25-Q30
8,Sydney,Winter,2007,14,2,"$22,000 ","$1,400 ",$180 ,No,No,2,Somewhat Agree,2,Somewhat Agree,5,Disagree,2,Good,2,Female,3,Hispanic,6,49,8,1,7,9,2,2,2,7,7,9,2,8,8,,
9,Sydney,Winter,1994,14,9,"$22,000 ","$1,400 ",$180 ,No,Yes,1,Agree,3,Neither Agree nor Disagree,2,Somewhat Agree,1,Excellent,1,Male,4,White,7,50,2,7,7,9,2,2,2,7,7,9,7,2,2,,1=Least Important
10,London,Winter,1993,14,4,"$22,000 ","$1,400 ",$180 ,Yes,No,3,Neither Agree nor Disagree,3,Neither Agree nor Disagree,3,Neither Agree nor Disagree,3,Fair,2,Female,1,Asian,1,41,10,4,1,4,9,10,10,4,1,4,9,10,10,,10=Most Important
11,London,Fall,1995,14,4,"$20,000 ","$1,400 ",$180 ,No,No,2,Somewhat Agree,2,Somewhat Agree,2,Somewhat Agree,2,Good,1,Male,1,Asian,2,29,1,10,4,10,1,1,1,10,4,10,4,1,1,,
12,Sydney,Summer,1997,14,4,"$18,000 ","$1,400 ",$180 ,No,No,3,Neither Agree nor Disagree,3,Neither Agree nor Disagree,3,Neither Agree nor Disagree,3,Fair,2,Female,1,Asian,4,38,6,5,5,5,5,5,6,5,5,5,5,5,5,,Q31:
13,Moscow,Spring,1995,14,5,"$18,000 ","$1,350 ",$180 ,No,Yes,3,Neither Agree nor Disagree,3,Neither Agree nor Disagree,1,Agree,1,Excellent,1,Male,4,White,5,48,5,4,8,4,5,5,5,4,8,4,8,5,5,,1=Strongly Disagree
14,Moscow,Spring,1987,14,5,"$18,000 ","$1,350 ",$180 ,Yes,Yes,1,Agree,1,Agree,4,Somewhat Disagree,4,Poor,2,Female,1,Asian,5,47,5,2,4,1,5,5,5,2,4,1,5,5,5,,10=Strongly Agree
15,Sydney,Winter,1991,14,5,"$17,000 ","$1,350 ",$180 ,No,Yes,2,Somewhat Agree,2,Somewhat Agree,1,Agree,2,Good,2,Female,4,White,3,36,5,7,6,6,5,5,5,7,6,6,6,5,5,,
16,Sydney,Summer,1997,14,2,"$17,000 ","$1,350 ",$180 ,Yes,No,1,Agree,3,Neither Agree nor Disagree,1,Agree,1,Excellent,1,Male,1,Asian,2,29,6,5,4,5,6,6,6,5,4,5,4,6,6,,
17,London,Winter,1981,14,1,"$16,000 ","$1,300 ",$180 ,No,Yes,3,Neither Agree nor Disagree,3,Neither Agree nor Disagree,3,Neither Agree nor Disagree,3,Fair,2,Female,2,Black,2,61,2,9,2,5,8,8,8,2,2,5,2,2,2,,
18,Sydney,Winter,1993,14,7,"$16,000 ","$1,300 ",$345 ,No,No,5,Disagree,3,Neither Agree nor Disagree,2,Somewhat Agree,4,Poor,2,Female,2,Black,5,49,4,4,6,4,4,4,4,4,6,4,6,4,4,,
19,Sydney,Spring,1988,14,2,"$16,000 ","$1,250 ",$60 ,No,Yes,3,Neither Agree nor Disagree,3,Neither Agree nor Disagree,3,Neither Agree nor Disagree,3,Fair,1,Male,1,Asian,2,61,2,9,2,5,8,8,8,2,2,5,2,2,2,,
20,Moscow,Spring,2007,13,11,"$16,000 ","$1,300 ",$180 ,No,No,2,Somewhat Agree,1,Agree,4,Somewhat Disagree,2,Good,1,Male,1,Asian,5,81,9,4,5,6,7,9,9,4,5,6,7,9,9,,
21,Sydney,Winter,1970,13,4,"$16,000 ","$1,250 ","$1,170 ",Yes,Yes,3,Neither Agree nor Disagree,3,Neither Agree nor Disagree,5,Disagree,2,Good,1,Male,3,Hispanic,5,55,9,5,3,5,8,9,9,5,3,5,3,9,9,,
22,Sydney,Winter,1970,13,11,"$16,000 ","$1,300 ",$120 ,Yes,Yes,2,Somewhat Agree,2,Somewhat Agree,4,Somewhat Disagree,4,Poor,2,Female,2,Black,6,46,4,2,2,2,4,4,4,2,2,2,4,4,4,,
23,Tokyo,Spring,1995,13,11,"$16,000 ","$1,250 ",$75 ,No,No,2,Somewhat Agree,2,Somewhat Agree,4,Somewhat Disagree,2,Good,2,Female,3,Hispanic,1,78,2,4,4,4,6,2,2,4,4,4,9,1,1,,
24,Sydney,Winter,1999,13,1,"$15,000 ","$1,250 ",$30 ,No,No,2,Somewhat Agree,2,Somewhat Agree,2,Somewhat Agree,2,Good,2,Female,3,Hispanic,1,66,2,1,1,1,2,2,2,1,1,1,1,2,2,,
25,Sydney,Spring,1997,13,5,"$15,000 ","$1,250 ",$120 ,Yes,Yes,3,Neither Agree nor Disagree,3,Neither Agree nor Disagree,3,Neither Agree nor Disagree,2,Good,1,Male,1,Asian,2,65,10,1,1,1,8,10,10,1,1,1,1,10,10,,
26,Capetown,Fall,1996,13,4,"$15,000 ","$1,250 ",$120 ,No,Yes,2,Somewhat Agree,5,Disagree,5,Disagree,5,Bad,1,Male,1,Asian,4,35,1,4,4,4,1,1,1,4,4,4,4,5,5,,
27,Moscow,Winter,1996,13,4,"$15,000 ","$1,250 ",$90 ,No,No,2,Somewhat Agree,2,Somewhat Agree,3,Neither Agree nor Disagree,3,Fair,1,Male,3,Hispanic,6,54,5,6,6,6,5,5,5,6,6,6,5,5,5,,
28,Moscow,Winter,1997,13,6,"$15,000 ","$1,250 ",$120 ,No,No,3,Neither Agree nor Disagree,3,Neither Agree nor Disagree,2,Somewhat Agree,5,Bad,1,Male,3,Hispanic,1,41,1,5,8,5,1,1,1,5,8,5,8,1,1,,
29,Sydney,Winter,1978,13,4,"$15,000 ","$1,250 ",$300 ,Yes,No,1,Agree,1,Agree,1,Agree,2,Good,2,Female,1,Asian,5,57,1,2,3,3,1,1,1,2,3,3,1,1,1,,
30,Sydney,Fall,1996,13,1,"$14,000 ","$1,250 ",$150 ,No,Yes,4,Somewhat Disagree,4,Somewhat Disagree,5,Disagree,4,Poor,1,Male,4,White,6,68,6,5,5,5,8,5,6,5,5,5,5,6,6,,
31,Sydney,Winter,2003,13,3,"$14,000 ","$1,250 ",$255 ,No,No,3,Neither Agree nor Disagree,3,Neither Agree nor Disagree,3,Neither Agree nor Disagree,3,Fair,2,Female,4,White,3,37,5,7,7,3,5,5,5,7,7,3,2,5,5,,
32,Moscow,Spring,1975,13,8,"$14,000 ","$1,250 ",$110 ,No,Yes,1,Agree,1,Agree,3,Neither Agree nor Disagree,3,Fair,1,Male,1,Asian,5,76,3,6,6,1,2,2,2,5,6,1,6,3,3,,
33,Sydney,Fall,1993,13,6,"$14,000 ","$1,250 ",$30 ,Yes,No,3,Neither Agree nor Disagree,3,Neither Agree nor Disagree,2,Somewhat Agree,1,Excellent,1,Male,3,Hispanic,6,25,1,1,1,1,1,1,1,1,1,1,1,1,1,,
34,Sydney,Spring,1992,13,2,"$14,000 ","$1,250 ",$75 ,No,Yes,2,Somewhat Agree,2,Somewhat Agree,1,Agree,2,Good,1,Male,1,Asian,6,54,3,5,8,5,4,3,3,5,8,5,8,3,3,,
35,Moscow,Spring,1989,13,4,"$14,000 ","$1,250 ",$75 ,Yes,Yes,5,Disagree,5,Disagree,2,Somewhat Agree,5,Bad,1,Male,2,Black,5,55,10,1,1,1,8,10,10,1,1,1,1,10,10,,
36,Sydney,Spring,1989,13,11,"$14,000 ","$1,250 ",$345 ,No,Yes,5,Disagree,5,Disagree,2,Somewhat Agree,4,Poor,1,Male,2,Black,6,49,4,4,6,4,4,4,4,4,6,4,4,4,4,,
37,Sydney,Fall,1984,13,2,"$14,000 ","$1,250 ",$90 ,Yes,No,4,Somewhat Disagree,4,Somewhat Disagree,3,Neither Agree nor Disagree,1,Excellent,1,Male,4,White,2,31,8,2,2,5,8,8,8,2,2,5,2,8,8,,
38,Sydney,Winter,1994,12,4,"$14,000 ","$1,000 ",$270 ,Yes,No,3,Neither Agree nor Disagree,3,Neither Agree nor Disagree,1,Agree,1,Excellent,2,Female,2,Black,6,55,3,3,3,3,3,3,3,3,5,5,3,3,3,,
39,Sydney,Summer,2007,12,6,"$14,000 ","$2,000 ",$340 ,Yes,Yes,5,Disagree,4,Somewhat Disagree,5,Disagree,5,Bad,2,Female,1,Asian,6,25,4,2,2,2,4,4,4,2,6,6,6,4,4,,
40,Capetown,Fall,1990,12,4,"$14,000 ","$1,050 ",$75 ,Yes,Yes,3,Neither Agree nor Disagree,5,Disagree,2,Somewhat Agree,2,Good,1,Male,2,Black,5,55,5,3,3,3,5,5,5,3,3,3,5,5,5,,
41,Moscow,Fall,1991,12,11,"$14,000 ","$1,600 ",$120 ,No,Yes,3,Neither Agree nor Disagree,5,Disagree,5,Disagree,5,Bad,1,Male,4,White,5,36,3,6,6,2,2,3,3,6,6,2,6,3,3,,
42,Capetown,Winter,1984,12,6,"$10,000 ","$1,600 ",$345 ,No,No,3,Neither Agree nor Disagree,2,Somewhat Agree,2,Somewhat Agree,2,Good,1,Male,2,Black,5,61,6,6,6,6,7,6,6,6,6,6,6,6,6,,
43,Sydney,Summer,1999,12,4,"$10,000 ","$1,400 ",$200 ,Yes,Yes,1,Agree,3,Neither Agree nor Disagree,1,Agree,1,Excellent,2,Female,3,Hispanic,6,41,10,5,5,5,5,5,10,5,5,5,2,2,2,,
44,Sydney,Winter,1996,12,12,"$10,000 ","$1,400 ",$600 ,No,No,2,Somewhat Agree,5,Disagree,1,Agree,1,Excellent,1,Male,2,Black,5,45,2,5,6,1,2,2,2,5,6,1,6,2,2,,
45,Moscow,Spring,1985,12,5,"$9,000 ","$1,350 ",$110 ,Yes,No,2,Somewhat Agree,2,Somewhat Agree,5,Disagree,2,Good,1,Male,3,Hispanic,5,51,2,5,5,5,2,2,2,5,5,5,5,2,2,,
46,Moscow,Winter,1995,12,3,"$9,000 ","$1,300 ",$120 ,Yes,Yes,3,Neither Agree nor Disagree,3,Neither Agree nor Disagree,2,Somewhat Agree,5,Bad,1,Male,3,Hispanic,5,41,1,5,8,5,1,1,1,5,8,5,8,1,1,,
47,Tokyo,Winter,1987,12,6,"$9,000 ","$1,300 ",$225 ,No,No,2,Somewhat Agree,2,Somewhat Agree,2,Somewhat Agree,2,Good,1,Male,1,Asian,4,35,5,9,3,6,6,6,6,3,3,6,3,5,5,,
48,Moscow,Winter,1995,12,1,"$9,000 ","$1,250 ",$210 ,Yes,Yes,2,Somewhat Agree,2,Somewhat Agree,3,Neither Agree nor Disagree,2,Good,2,Female,4,White,3,36,9,4,5,4,7,9,9,4,5,4,7,9,9,,
49,Sydney,Winter,1993,12,7,"$8,000 ","$1,200 ",$120 ,Yes,Yes,2,Somewhat Agree,2,Somewhat Agree,4,Somewhat Disagree,4,Poor,2,Female,2,Black,6,46,4,2,2,2,4,4,4,2,2,2,4,4,4,,
50,Sydney,Winter,1981,12,7,"$8,000 ","$1,100 ",$300 ,No,Yes,1,Agree,1,Agree,5,Disagree,1,Excellent,2,Female,2,Black,7,50,2,7,7,9,2,2,2,7,7,9,8,2,3,,
51,Sydney,Spring,1992,12,5,"$8,000 ","$1,100 ",$150 ,Yes,Yes,1,Agree,5,Disagree,1,Agree,3,Fair,1,Male,1,Asian,7,50,4,4,4,4,4,4,4,4,4,4,4,4,5,,
52,Sydney,Winter,1988,12,5,"$8,000 ","$9,500 ",$240 ,Yes,Yes,1,Agree,1,Agree,5,Disagree,2,Good,1,Male,4,White,5,49,8,6,6,5,8,8,8,6,6,5,6,8,8,,
53,Sydney,Winter,1987,12,1,"$8,000 ","$2,000 ",$600 ,No,Yes,5,Disagree,4,Somewhat Disagree,4,Somewhat Disagree,4,Poor,1,Male,1,Asian,1,36,1,8,8,8,1,1,1,8,8,8,8,1,2,,
54,Sydney,Winter,2007,12,7,"$7,000 ","$1,650 ",$175 ,No,Yes,5,Disagree,5,Disagree,5,Disagree,5,Bad,2,Female,2,Black,7,70,2,8,8,5,4,5,1,5,8,5,4,2,10,,
55,Capetown,Summer,1991,11,2,"$7,000 ","$1,100 ",$150 ,Yes,Yes,3,Neither Agree nor Disagree,1,Agree,5,Disagree,2,Good,2,Female,4,White,2,31,5,4,4,4,5,5,6,4,7,7,1,4,1,,
56,Sydney,Winter,1993,11,6,"$7,000 ","$1,500 ",$600 ,No,Yes,2,Somewhat Agree,5,Disagree,4,Somewhat Disagree,4,Poor,1,Male,1,Asian,6,49,5,9,9,9,7,7,5,9,9,9,9,5,5,,
57,Sydney,Summer,1971,11,5,"$7,000 ","$1,400 ",$375 ,No,No,2,Somewhat Agree,2,Somewhat Agree,5,Disagree,5,Bad,2,Female,1,Asian,5,55,5,4,5,4,5,5,5,4,5,4,5,5,5,,
58,Sydney,Summer,2009,11,0,"$7,000 ","$1,400 ",$700 ,No,No,5,Disagree,2,Somewhat Agree,2,Somewhat Agree,4,Poor,1,Male,2,Black,2,61,6,6,6,6,6,6,6,6,6,6,6,1,5,,
59,Moscow,Summer,1994,11,5,"$7,000 ","$1,250 ",$825 ,Yes,Yes,1,Agree,1,Agree,5,Disagree,4,Poor,2,Female,2,Black,5,81,4,2,3,4,4,4,4,2,3,4,5,4,5,,
60,Sydney,Summer,1984,11,2,"$7,000 ","$1,400 ",$165 ,No,No,2,Somewhat Agree,3,Neither Agree nor Disagree,3,Neither Agree nor Disagree,3,Fair,2,Female,4,White,2,37,5,7,7,3,5,5,5,7,7,3,2,5,6,,
61,Sydney,Summer,1995,11,2,"$7,000 ","$1,400 ",$150 ,Yes,No,1,Agree,4,Somewhat Disagree,3,Neither Agree nor Disagree,1,Excellent,1,Male,4,White,2,31,8,2,2,5,8,8,8,2,2,5,8,8,2,,
62,Moscow,Winter,1996,11,6,"$7,000 ","$2,000 ",$110 ,No,Yes,1,Agree,1,Agree,1,Agree,1,Excellent,2,Female,4,White,6,48,6,5,6,5,2,2,6,5,6,5,5,5,5,,
63,Sydney,Winter,2001,11,7,"$7,000 ","$1,100 ",$330 ,No,No,1,Agree,2,Somewhat Agree,5,Disagree,2,Good,2,Female,1,Asian,2,55,5,4,5,4,5,5,5,4,5,4,5,5,5,,
64,Sydney,Winter,2000,11,3,"$7,000 ","$1,400 ",$270 ,No,Yes,5,Disagree,2,Somewhat Agree,2,Somewhat Agree,2,Good,2,Female,2,Black,2,49,6,3,3,6,6,6,6,3,3,6,6,6,6,,
65,Moscow,Winter,2001,11,2,"$7,000 ","$1,400 ",$285 ,No,Yes,5,Disagree,4,Somewhat Disagree,2,Somewhat Agree,2,Good,2,Female,1,Asian,2,54,1,8,8,9,1,1,1,8,8,9,8,1,1,,
66,Moscow,Winter,2001,11,1,"$7,000 ","$1,400 ",$240 ,Yes,Yes,3,Neither Agree nor Disagree,3,Neither Agree nor Disagree,2,Somewhat Agree,1,Excellent,1,Male,3,Hispanic,5,34,6,8,5,8,6,6,6,8,5,8,5,6,6,,
67,Sydney,Summer,2004,11,9,"$7,000 ","$1,400 ",$75 ,No,Yes,2,Somewhat Agree,1,Agree,2,Somewhat Agree,2,Good,1,Male,1,Asian,7,50,6,8,3,8,2,2,6,8,3,8,3,5,5,,
68,Sydney,Winter,1997,11,5,"$7,000 ","$1,400 ",$375 ,No,Yes,4,Somewhat Disagree,2,Somewhat Agree,4,Somewhat Disagree,5,Bad,1,Male,4,White,5,47,2,2,4,2,2,2,2,2,4,2,4,1,1,,
69,Sydney,Summer,2007,11,2,"$7,000 ","$1,400 ",$600 ,No,No,2,Somewhat Agree,2,Somewhat Agree,2,Somewhat Agree,2,Good,2,Female,4,White,2,31,1,3,4,3,1,1,1,3,4,3,1,1,1,,
70,Sydney,Winter,1996,11,2,"$7,000 ","$1,400 ",$120 ,No,No,2,Somewhat Agree,2,Somewhat Agree,2,Somewhat Agree,2,Good,1,Male,2,Black,2,29,1,10,4,10,1,1,1,10,4,10,4,1,1,,
71,Sydney,Winter,1960,10,5,"$7,000 ","$1,100 ",$120 ,Yes,Yes,5,Disagree,5,Disagree,5,Disagree,5,Bad,2,Female,3,Hispanic,5,55,9,5,3,5,8,9,9,5,3,5,8,9,9,,
72,Tokyo,Summer,1989,10,1,"$7,000 ","$1,650 ",$75 ,No,Yes,2,Somewhat Agree,3,Neither Agree nor Disagree,3,Neither Agree nor Disagree,5,Bad,1,Male,2,Black,1,68,4,8,8,8,4,4,4,8,8,8,8,2,2,,
73,Sydney,Winter,1970,10,6,"$7,000 ","$1,650 ",$500 ,No,No,1,Agree,1,Agree,5,Disagree,5,Bad,1,Male,4,White,6,54,6,9,9,6,5,5,5,4,5,6,5,6,6,,
74,Moscow,Fall,1994,10,12,"$7,000 ","$1,600 ",$255 ,No,No,1,Agree,1,Agree,3,Neither Agree nor Disagree,3,Fair,2,Female,3,Hispanic,5,37,5,7,7,3,2,5,5,7,7,3,2,5,5,,
75,Capetown,Winter,1992,10,1,"$5,500 ","$1,600 ",$150 ,No,No,3,Neither Agree nor Disagree,1,Agree,3,Neither Agree nor Disagree,3,Fair,1,Male,2,Black,5,62,5,4,4,2,1,1,2,2,4,2,1,1,4,,
76,Capetown,Spring,1987,10,1,"$4,800 ","$1,600 ",$225 ,No,No,2,Somewhat Agree,2,Somewhat Agree,2,Somewhat Agree,2,Good,1,Male,1,Asian,5,35,5,9,3,6,6,6,6,3,3,6,3,5,3,,
77,Moscow,Winter,2001,10,5,"$4,800 ","$1,400 ",$435 ,No,No,2,Somewhat Agree,2,Somewhat Agree,3,Neither Agree nor Disagree,3,Fair,2,Female,3,Hispanic,6,81,4,2,4,1,4,4,4,2,4,1,4,4,5,,
78,Capetown,Spring,1991,10,5,"$4,800 ","$1,400 ",$150 ,No,No,3,Neither Agree nor Disagree,1,Agree,2,Somewhat Agree,4,Poor,2,Female,3,Hispanic,6,68,3,2,5,1,3,3,3,2,5,1,3,3,8,,
79,Moscow,Spring,1995,10,12,"$4,800 ","$1,400 ",$120 ,No,Yes,3,Neither Agree nor Disagree,3,Neither Agree nor Disagree,2,Somewhat Agree,5,Bad,1,Male,3,Hispanic,1,41,1,5,8,5,1,1,1,5,8,5,8,1,2,,
80,Sydney,Fall,1986,10,5,"$4,800 ","$1,250 ",$225 ,Yes,Yes,4,Somewhat Disagree,2,Somewhat Agree,3,Neither Agree nor Disagree,3,Fair,1,Male,4,White,5,55,10,1,5,6,8,10,10,1,5,6,5,10,10,,
81,Sydney,Winter,1988,10,6,"$4,800 ","$1,150 ",$75 ,Yes,No,2,Somewhat Agree,3,Neither Agree nor Disagree,3,Neither Agree nor Disagree,2,Good,1,Male,1,Asian,6,45,4,2,2,2,8,10,4,2,2,2,2,10,1,,
82,Tokyo,Winter,1995,10,6,"$4,600 ","$1,150 ",$90 ,No,Yes,1,Agree,1,Agree,5,Disagree,1,Excellent,2,Female,1,Asian,6,38,5,5,5,5,4,5,5,5,5,5,5,5,5,,
83,Tokyo,Fall,1987,10,8,"$4,600 ","$1,100 ",$225 ,Yes,No,2,Somewhat Agree,2,Somewhat Agree,2,Somewhat Agree,2,Good,1,Male,1,Asian,4,35,10,6,6,6,10,10,10,6,6,6,1,3,5,,
84,Tokyo,Spring,1987,10,6,"$4,600 ","$1,100 ",$210 ,Yes,No,2,Somewhat Agree,2,Somewhat Agree,2,Somewhat Agree,2,Good,2,Female,2,Black,6,54,10,9,9,9,10,10,10,9,9,9,1,9,5,,
85,Tokyo,Spring,1988,10,9,"$4,600 ","$2,000 ",$240 ,No,Yes,2,Somewhat Agree,2,Somewhat Agree,5,Disagree,2,Good,1,Male,4,White,6,49,5,3,3,3,5,5,5,3,3,3,5,5,5,,
86,Sydney,Spring,1990,10,5,"$4,600 ","$9,500 ",$75 ,No,No,2,Somewhat Agree,2,Somewhat Agree,1,Agree,2,Good,1,Male,1,Asian,5,54,3,5,8,5,4,3,3,5,8,5,8,3,6,,
87,Sydney,Winter,1986,10,5,"$4,600 ","$1,700 ",$255 ,No,No,3,Neither Agree nor Disagree,1,Agree,3,Neither Agree nor Disagree,3,Fair,2,Female,3,Hispanic,6,37,5,7,7,3,2,5,5,7,7,3,2,5,2,,
88,Moscow,Summer,1992,10,1,"$4,600 ","$1,650 ",$200 ,No,No,3,Neither Agree nor Disagree,3,Neither Agree nor Disagree,3,Neither Agree nor Disagree,3,Fair,2,Female,1,Asian,6,27,4,1,1,3,4,4,4,1,1,3,7,4,4,,
89,Sydney,Winter,1986,10,6,"$4,600 ","$1,600 ",$75 ,No,No,2,Somewhat Agree,2,Somewhat Agree,5,Disagree,2,Good,2,Female,4,White,5,49,8,1,7,9,2,2,2,7,7,9,2,8,8,,
90,Capetown,Spring,1989,10,1,"$4,600 ","$1,550 ",$180 ,No,Yes,3,Neither Agree nor Disagree,3,Neither Agree nor Disagree,3,Neither Agree nor Disagree,3,Fair,2,Female,4,White,1,41,1,4,4,10,1,1,1,10,4,10,9,2,2,,
91,Sydney,Winter,1991,10,4,"$4,600 ","$1,400 ",$120 ,Yes,Yes,4,Somewhat Disagree,3,Neither Agree nor Disagree,2,Somewhat Agree,2,Good,1,Male,2,Black,5,54,1,8,8,9,1,1,1,8,8,9,8,1,1,,
92,Sydney,Fall,1997,10,6,"$4,600 ","$1,400 ",$300 ,Yes,Yes,3,Neither Agree nor Disagree,1,Agree,1,Agree,2,Good,1,Male,2,Black,6,51,8,9,2,9,6,6,8,9,2,9,7,7,7,,
93,Tokyo,Winter,1995,10,3,"$4,600 ","$1,350 ",$30 ,No,Yes,5,Disagree,3,Neither Agree nor Disagree,1,Agree,1,Excellent,2,Female,4,White,6,48,5,4,8,4,5,5,7,4,9,9,9,7,7,,
94,Sydney,Spring,1995,10,4,"$4,600 ","$1,350 ",$90 ,No,No,1,Agree,1,Agree,4,Somewhat Disagree,1,Excellent,1,Male,1,Asian,4,38,5,5,5,5,4,5,5,5,5,5,5,5,5,,
95,Sydney,Winter,1994,10,5,"$4,600 ","$1,350 ",$270 ,Yes,No,3,Neither Agree nor Disagree,3,Neither Agree nor Disagree,1,Agree,2,Good,2,Female,2,Black,5,55,3,3,3,3,3,3,3,3,3,3,3,3,3,,
96,Paris,Winter,1987,10,4,"$4,600 ","$1,350 ",$100 ,Yes,Yes,1,Agree,1,Agree,5,Disagree,4,Poor,2,Female,1,Asian,5,47,5,2,4,1,5,5,1,2,8,8,8,8,8,,
97,Paris,Winter,1988,10,5,"$4,200 ","$1,350 ",$150 ,Yes,No,2,Somewhat Agree,2,Somewhat Agree,5,Disagree,5,Bad,2,Female,1,Asian,5,45,4,2,2,2,8,10,4,2,2,2,2,10,10,,
98,Tokyo,Winter,1986,10,7,"$4,200 ","$1,300 ",$600 ,No,No,4,Somewhat Disagree,4,Somewhat Disagree,1,Agree,2,Good,2,Female,1,Asian,5,55,3,10,10,10,3,3,3,10,10,10,1,3,3,,
99,Moscow,Summer,1988,10,5,"$4,200 ","$1,250 ",$225 ,Yes,Yes,1,Agree,1,Agree,5,Disagree,4,Poor,2,Female,2,Black,5,81,4,2,3,4,4,4,4,2,3,4,5,4,4,,
100,Paris,Spring,1986,10,2,"$4,200 ","$1,200 ",$825 ,No,Yes,1,Agree,3,Neither Agree nor Disagree,1,Agree,5,Bad,1,Male,2,Black,2,28,10,2,1,2,8,8,10,2,1,2,1,8,8,,
101,Capetown,Winter,1986,9,8,"$4,200 ","$1,400 ",$225 ,Yes,Yes,2,Somewhat Agree,2,Somewhat Agree,4,Somewhat Disagree,3,Fair,2,Female,4,White,6,55,10,1,5,6,8,10,10,1,5,6,5,10,10,,
102,Moscow,Spring,1995,9,3,"$4,200 ","$1,400 ",$90 ,No,No,2,Somewhat Agree,2,Somewhat Agree,3,Neither Agree nor Disagree,3,Fair,1,Male,3,Hispanic,6,54,5,6,6,6,5,5,5,6,6,6,6,5,5,,
103,Sydney,Fall,1996,9,2,"$4,200 ","$1,550 ",$100 ,No,No,5,Disagree,5,Disagree,5,Disagree,1,Excellent,1,Male,1,Asian,2,28,1,1,4,1,1,1,1,1,4,1,1,1,1,,
104,Paris,Fall,1989,9,5,"$4,200 ","$1,400 ",$105 ,No,Yes,1,Agree,1,Agree,1,Agree,4,Poor,1,Male,4,White,6,46,1,5,8,5,1,1,1,5,8,5,8,5,5,,
105,Capetown,Summer,2000,9,2,"$4,200 ","$1,350 ",$975 ,Yes,Yes,3,Neither Agree nor Disagree,4,Somewhat Disagree,5,Disagree,5,Bad,1,Male,4,White,7,50,3,4,5,5,3,3,9,4,2,2,2,5,5,,
106,Sydney,Winter,1999,9,11,"$4,200 ","$1,050 ",$210 ,No,Yes,3,Neither Agree nor Disagree,3,Neither Agree nor Disagree,1,Agree,5,Bad,1,Male,2,Black,3,36,5,7,6,6,5,5,5,7,6,6,6,5,5,,
107,Sydney,Fall,2009,9,5,"$4,200 ","$1,250 ",$270 ,Yes,No,3,Neither Agree nor Disagree,3,Neither Agree nor Disagree,1,Agree,2,Good,1,Male,2,Black,5,55,3,3,3,3,3,3,3,3,3,3,3,3,3,,
108,Sydney,Summer,1999,9,12,"$4,200 ","$1,300 ",$75 ,Yes,No,1,Agree,1,Agree,2,Somewhat Agree,1,Excellent,2,Female,4,White,1,41,4,3,4,4,1,1,1,4,4,4,1,4,4,,
109,Moscow,Winter,1999,9,2,"$4,200 ","$1,300 ",$75 ,Yes,Yes,3,Neither Agree nor Disagree,3,Neither Agree nor Disagree,1,Agree,3,Fair,2,Female,3,Hispanic,2,28,2,5,5,5,5,2,2,5,5,5,5,2,2,,
110,Tokyo,Winter,1997,9,2,"$4,200 ","$1,750 ",$75 ,No,Yes,5,Disagree,1,Agree,5,Disagree,4,Poor,2,Female,3,Hispanic,6,49,1,10,8,8,1,1,1,10,8,8,1,1,1,,
111,Sydney,Winter,2006,9,7,"$4,200 ","$1,300 ",$300 ,Yes,No,3,Neither Agree nor Disagree,1,Agree,3,Neither Agree nor Disagree,5,Bad,1,Male,3,Hispanic,5,73,5,3,6,2,2,3,3,6,6,2,6,5,5,,
112,Sydney,Spring,1997,9,6,"$4,200 ","$9,500 ",$180 ,No,No,1,Agree,4,Somewhat Disagree,2,Somewhat Agree,2,Good,2,Female,1,Asian,5,55,8,5,5,5,5,5,8,5,5,5,5,8,8,,
113,Moscow,Spring,2001,9,1,"$4,200 ","$1,050 ",$90 ,Yes,No,3,Neither Agree nor Disagree,3,Neither Agree nor Disagree,3,Neither Agree nor Disagree,3,Fair,2,Female,4,White,6,47,4,3,1,1,3,3,4,3,9,9,1,3,3,,
114,Paris,Fall,1997,9,2,"$4,200 ","$1,450 ",$75 ,No,Yes,3,Neither Agree nor Disagree,5,Disagree,3,Neither Agree nor Disagree,2,Good,1,Male,1,Asian,3,36,1,8,8,8,1,1,1,8,8,8,8,1,1,,
115,Moscow,Fall,1971,9,6,"$3,800 ","$1,450 ",$60 ,No,No,5,Disagree,4,Somewhat Disagree,3,Neither Agree nor Disagree,3,Fair,1,Male,3,Hispanic,2,29,1,4,4,4,1,1,1,4,8,8,8,1,4,,
116,Sydney,Winter,1991,9,5,"$3,800 ","$1,450 ","$1,170 ",Yes,Yes,3,Neither Agree nor Disagree,3,Neither Agree nor Disagree,5,Disagree,5,Bad,2,Female,3,Hispanic,5,55,9,5,3,5,9,9,2,5,10,10,1,1,3,,
117,Paris,Spring,1989,9,10,"$3,800 ","$1,250 ",$30 ,No,No,1,Agree,2,Somewhat Agree,2,Somewhat Agree,2,Good,2,Female,4,White,2,31,1,3,4,3,1,1,1,3,4,3,1,1,5,,
118,Sydney,Spring,1996,9,6,"$3,800 ","$1,400 ",$75 ,No,No,2,Somewhat Agree,2,Somewhat Agree,1,Agree,1,Excellent,1,Male,2,Black,6,45,7,2,2,1,6,7,7,2,2,1,2,7,8,,
119,Capetown,Fall,2004,9,6,"$3,800 ","$1,400 ",$175 ,No,Yes,5,Disagree,5,Disagree,5,Disagree,5,Bad,1,Male,3,Hispanic,7,70,2,8,8,8,2,2,2,8,5,5,5,2,2,,
120,Capetown,Winter,2003,9,2,"$3,800 ","$1,400 ",$255 ,No,No,5,Disagree,5,Disagree,2,Somewhat Agree,2,Good,2,Female,1,Asian,5,81,4,3,3,3,4,4,4,3,1,1,7,3,10,,
121,Moscow,Winter,1986,9,6,"$3,800 ","$1,400 ",$150 ,No,Yes,1,Agree,1,Agree,1,Agree,1,Excellent,2,Female,4,White,6,48,6,5,6,5,2,2,6,5,6,5,5,5,1,,
122,Sydney,Winter,1994,9,6,"$3,800 ","$1,350 ",$105 ,Yes,Yes,2,Somewhat Agree,1,Agree,1,Agree,1,Excellent,1,Male,2,Black,5,76,2,5,8,3,3,2,2,5,8,3,3,2,5,,
123,Paris,Winter,1995,9,5,"$3,800 ","$1,350 ",$75 ,Yes,No,2,Somewhat Agree,2,Somewhat Agree,5,Disagree,5,Bad,2,Female,2,Black,5,45,4,2,2,2,8,10,4,2,2,2,2,10,5,,
124,Tokyo,Winter,1979,9,9,"$3,800 ","$1,350 ",$200 ,Yes,Yes,3,Neither Agree nor Disagree,4,Somewhat Disagree,2,Somewhat Agree,2,Good,2,Female,3,Hispanic,6,46,5,2,4,1,5,5,3,2,5,5,5,7,5,,
125,Paris,Fall,1975,9,1,"$3,750 ","$1,350 ",$390 ,Yes,Yes,2,Somewhat Agree,4,Somewhat Disagree,4,Somewhat Disagree,4,Poor,1,Male,4,White,2,65,6,6,6,5,5,5,6,5,6,5,6,6,5,,
126,Paris,Summer,2003,9,11,"$3,750 ","$2,000 ",$75 ,No,Yes,1,Agree,3,Neither Agree nor Disagree,3,Neither Agree nor Disagree,5,Bad,2,Female,2,Black,6,51,6,7,7,7,3,3,6,7,7,7,3,3,6,,
127,Moscow,Fall,1975,9,11,"$3,750 ","$1,300 ",$180 ,No,No,5,Disagree,5,Disagree,2,Somewhat Agree,2,Good,1,Male,1,Asian,5,81,9,4,5,6,7,9,9,4,5,6,5,9,2,,
128,Tokyo,Spring,1986,9,5,"$3,750 ","$2,000 ",$825 ,No,Yes,1,Agree,3,Neither Agree nor Disagree,1,Agree,5,Bad,1,Male,1,Asian,2,28,10,2,1,2,8,8,10,2,1,2,1,8,8,,
129,Tokyo,Winter,2003,9,1,"$3,750 ","$2,000 ",$330 ,Yes,No,2,Somewhat Agree,2,Somewhat Agree,1,Agree,1,Excellent,2,Female,3,Hispanic,1,41,10,4,2,4,9,9,10,4,2,4,9,9,9,,
130,Tokyo,Winter,1997,9,6,"$3,750 ","$1,100 ",$285 ,No,Yes,2,Somewhat Agree,1,Agree,1,Agree,2,Good,2,Female,3,Hispanic,6,49,1,10,8,8,1,1,1,10,8,8,1,1,1,,
131,Tokyo,Fall,1995,9,4,"$3,750 ","$1,300 ",$90 ,No,No,1,Agree,1,Agree,4,Somewhat Disagree,1,Excellent,1,Male,1,Asian,4,38,5,5,5,5,4,5,5,5,5,5,5,5,5,,
132,Tokyo,Fall,1996,9,7,"$3,750 ","$1,300 ",$225 ,No,No,1,Agree,4,Somewhat Disagree,2,Somewhat Agree,1,Excellent,1,Male,1,Asian,4,35,5,9,3,6,6,6,6,3,3,6,3,5,5,,
133,Tokyo,Winter,1997,9,2,"$3,750 ","$1,300 ",$210 ,No,No,3,Neither Agree nor Disagree,2,Somewhat Agree,2,Somewhat Agree,3,Fair,2,Female,2,Black,5,45,7,7,8,9,1,1,1,8,8,9,1,7,7,,
134,Moscow,Summer,2003,9,3,"$3,750 ","$1,250 ",$210 ,Yes,Yes,5,Disagree,5,Disagree,3,Neither Agree nor Disagree,2,Good,2,Female,4,White,3,36,9,4,5,4,7,9,9,4,5,4,7,9,9,,
135,Tokyo,Fall,1999,9,1,"$3,750 ","$1,250 ",$240 ,Yes,No,1,Agree,1,Agree,5,Disagree,2,Good,1,Male,4,White,6,49,8,6,6,5,8,8,8,6,6,5,8,8,8,,
136,Tokyo,Fall,1997,9,1,"$3,750 ","$1,250 ",$79 ,No,Yes,1,Agree,1,Agree,1,Agree,1,Excellent,1,Male,3,Hispanic,5,23,4,8,9,3,5,4,4,8,9,3,5,4,4,,
137,Paris,Winter,1974,9,1,"$3,750 ","$1,250 ",$180 ,No,No,3,Neither Agree nor Disagree,3,Neither Agree nor Disagree,4,Somewhat Disagree,4,Poor,2,Female,1,Asian,5,55,3,10,10,10,3,3,3,10,10,10,1,3,3,,
138,Moscow,Summer,2001,9,5,"$3,750 ","$1,250 ",$120 ,No,Yes,5,Disagree,5,Disagree,5,Disagree,5,Bad,2,Female,4,White,3,36,3,6,6,2,3,3,3,6,6,2,2,3,3,,
139,Sydney,Spring,1991,9,6,"$3,750 ","$1,250 ",$150 ,No,No,2,Somewhat Agree,2,Somewhat Agree,2,Somewhat Agree,2,Good,1,Male,3,Hispanic,3,66,10,1,1,1,8,10,10,1,1,1,1,10,10,,
140,Moscow,Winter,1997,9,1,"$3,750 ","$1,250 ",$285 ,No,Yes,2,Somewhat Agree,2,Somewhat Agree,1,Agree,1,Excellent,2,Female,3,Hispanic,6,49,1,10,8,8,1,1,4,10,9,9,1,7,7,,
141,Moscow,Winter,2003,9,1,"$3,200 ","$1,250 ",$330 ,No,Yes,2,Somewhat Agree,2,Somewhat Agree,3,Neither Agree nor Disagree,3,Fair,2,Female,2,Black,6,51,6,7,7,7,3,3,1,7,5,5,5,7,7,,
142,Sydney,Spring,1991,9,6,"$3,100 ","$1,250 ",$345 ,No,No,5,Disagree,5,Disagree,2,Somewhat Agree,2,Good,1,Male,2,Black,6,49,4,4,6,2,2,2,2,4,4,2,4,4,4,,
143,Tokyo,Summer,2000,9,5,"$3,100 ","$1,050 ",$75 ,Yes,No,1,Agree,1,Agree,2,Somewhat Agree,1,Excellent,2,Female,4,White,1,41,4,3,4,4,1,1,1,4,4,4,1,4,4,,
144,Moscow,Fall,2004,9,5,"$3,100 ","$1,250 ",$75 ,Yes,Yes,3,Neither Agree nor Disagree,3,Neither Agree nor Disagree,2,Somewhat Agree,5,Bad,1,Male,2,Black,5,55,10,1,1,1,8,10,10,1,1,1,1,10,10,,
145,Paris,Summer,1997,9,6,"$3,100 ","$1,200 ",$435 ,Yes,Yes,3,Neither Agree nor Disagree,5,Disagree,2,Somewhat Agree,1,Excellent,2,Female,3,Hispanic,1,41,10,5,5,5,5,10,10,5,5,5,5,10,10,,
146,Paris,Fall,2003,9,6,"$3,100 ","$1,200 ",$150 ,Yes,Yes,2,Somewhat Agree,1,Agree,3,Neither Agree nor Disagree,3,Fair,1,Male,4,White,5,55,10,1,5,6,8,10,10,1,5,6,5,10,4,,
147,Sydney,Summer,2008,9,2,"$3,100 ","$1,150 ",$150 ,Yes,Yes,4,Somewhat Disagree,5,Disagree,2,Somewhat Agree,3,Fair,2,Female,1,Asian,7,50,4,4,4,4,4,4,4,4,4,4,4,4,3,,
148,Paris,Winter,2001,9,4,"$3,100 ","$1,150 ",$240 ,No,Yes,3,Neither Agree nor Disagree,2,Somewhat Agree,2,Somewhat Agree,2,Good,2,Female,4,White,6,49,6,3,3,6,6,6,6,3,3,6,6,6,5,,
149,Sydney,Winter,1999,9,3,"$3,100 ","$1,150 ",$700 ,No,No,2,Somewhat Agree,2,Somewhat Agree,1,Agree,2,Good,1,Male,2,Black,3,36,5,7,6,6,5,5,5,7,6,6,6,5,8,,
150,London,Summer,2009,9,5,"$3,100 ","$1,100 ",$700 ,No,No,1,Agree,1,Agree,5,Disagree,1,Excellent,1,Male,1,Asian,5,23,6,5,5,5,8,5,6,5,5,5,5,6,2,,
151,London,Spring,1986,9,7,"$3,100 ","$1,100 ",$75 ,Yes,No,2,Somewhat Agree,2,Somewhat Agree,5,Disagree,2,Good,1,Male,4,White,6,49,1,8,8,8,1,1,1,8,8,8,8,1,10,,
152,Paris,Spring,1997,9,2,"$4,800 ","$1,100 ",$255 ,No,Yes,1,Agree,1,Agree,5,Disagree,1,Excellent,1,Male,1,Asian,1,42,5,3,3,3,5,5,5,3,3,3,3,5,1,,
153,London,Fall,1992,9,5,"$4,800 ","$1,100 ",$400 ,No,No,1,Agree,1,Agree,5,Disagree,1,Excellent,1,Male,1,Asian,1,23,6,5,5,5,7,6,6,5,5,5,5,6,5,,
154,Moscow,Summer,2001,9,7,"$4,800 ","$1,100 ",$75 ,No,Yes,2,Somewhat Agree,2,Somewhat Agree,2,Somewhat Agree,2,Good,2,Female,3,Hispanic,2,64,1,5,5,5,1,1,1,5,5,5,5,1,5,,
155,Moscow,Summer,1987,9,6,"$4,800 ","$1,100 ",$165 ,No,No,4,Somewhat Disagree,4,Somewhat Disagree,4,Somewhat Disagree,4,Poor,1,Male,3,Hispanic,6,68,1,4,4,4,1,1,1,4,4,4,4,1,5,,
156,Tokyo,Winter,1986,9,11,"$4,800 ","$1,000 ",$825 ,No,Yes,3,Neither Agree nor Disagree,1,Agree,1,Agree,1,Excellent,1,Male,4,White,6,28,10,2,1,2,10,10,4,2,3,3,3,5,5,,
157,Tokyo,Winter,1999,9,6,"$4,800 ","$1,300 ",$700 ,No,Yes,1,Agree,2,Somewhat Agree,1,Agree,1,Excellent,1,Male,2,Black,6,36,5,7,6,6,5,5,4,7,9,9,9,8,6,,
158,Moscow,Spring,1997,9,6,"$4,800 ","$1,100 ",$285 ,No,Yes,1,Agree,2,Somewhat Agree,1,Agree,1,Excellent,2,Female,3,Hispanic,6,49,1,10,8,8,1,1,4,10,9,9,1,7,2,,
159,Paris,Fall,1975,9,5,"$4,800 ","$1,000 ",$90 ,Yes,No,5,Disagree,4,Somewhat Disagree,3,Neither Agree nor Disagree,3,Fair,1,Male,2,Black,2,31,8,2,2,5,8,8,8,2,2,5,2,8,8,,
160,London,Summer,1997,9,6,"$4,800 ","$9,500 ",$30 ,No,Yes,1,Agree,1,Agree,1,Agree,1,Excellent,2,Female,4,White,6,22,8,1,1,4,9,10,10,4,1,4,9,4,4,,
161,London,Winter,1974,9,4,"$4,800 ","$2,000 ",$225 ,No,No,2,Somewhat Agree,2,Somewhat Agree,2,Somewhat Agree,2,Good,1,Male,1,Asian,4,35,5,9,9,9,5,5,5,9,2,2,2,5,5,,
162,Moscow,Summer,1997,9,5,"$4,800 ","$2,000 ",$600 ,No,No,5,Disagree,4,Somewhat Disagree,1,Agree,1,Excellent,2,Female,1,Asian,5,55,3,10,10,10,3,3,3,10,2,2,2,5,5,,
163,Capetown,Fall,1993,9,6,"$4,800 ","$1,900 ",$120 ,Yes,Yes,5,Disagree,2,Somewhat Agree,4,Somewhat Disagree,4,Poor,2,Female,2,Black,6,46,4,2,2,2,4,4,4,2,3,3,3,5,5,,
164,Capetown,Winter,1992,9,1,"$4,800 ","$1,750 ",$200 ,No,No,4,Somewhat Disagree,4,Somewhat Disagree,4,Somewhat Disagree,1,Excellent,2,Female,2,Black,5,65,9,6,6,6,2,9,9,6,6,6,9,9,9,,
165,Capetown,Fall,1980,9,7,"$4,800 ","$1,750 ",$60 ,Yes,Yes,2,Somewhat Agree,2,Somewhat Agree,2,Somewhat Agree,2,Good,1,Male,4,White,1,40,8,2,2,2,8,8,8,2,2,2,2,8,8,,
166,Capetown,Spring,2003,9,8,"$4,800 ","$1,750 ",$79 ,No,No,3,Neither Agree nor Disagree,3,Neither Agree nor Disagree,5,Disagree,5,Bad,1,Male,4,White,5,24,5,4,4,4,5,5,5,4,4,4,5,5,5,,
167,Capetown,Spring,2003,9,5,"$3,500 ","$1,750 ",$22 ,No,Yes,3,Neither Agree nor Disagree,1,Agree,5,Disagree,5,Bad,1,Male,2,Black,5,57,2,9,9,9,2,2,2,9,4,4,4,2,2,,
168,Capetown,Winter,2004,9,9,"$3,500 ","$1,750 ",$210 ,Yes,Yes,5,Disagree,1,Agree,5,Disagree,1,Excellent,1,Male,2,Black,5,34,7,8,8,8,7,7,7,8,9,9,9,7,7,,
169,Capetown,Summer,2001,9,6,"$3,400 ","$1,100 ",$120 ,No,No,2,Somewhat Agree,1,Agree,5,Disagree,2,Good,1,Male,2,Black,6,54,8,5,5,5,8,8,8,5,9,9,9,8,8,,
170,Tokyo,Winter,1992,9,3,"$3,300 ","$1,650 ",$105 ,No,No,4,Somewhat Disagree,3,Neither Agree nor Disagree,3,Neither Agree nor Disagree,3,Fair,2,Female,4,White,3,62,5,4,4,4,5,5,5,4,6,6,6,1,4,,
171,Tokyo,Summer,1986,9,1,"$3,300 ","$1,650 ",$135 ,No,Yes,2,Somewhat Agree,2,Somewhat Agree,2,Somewhat Agree,3,Fair,1,Male,4,White,6,74,3,2,2,2,3,3,3,2,2,2,2,3,3,,
172,Tokyo,Fall,1990,9,3,"$3,300 ","$1,650 ",$60 ,No,Yes,3,Neither Agree nor Disagree,3,Neither Agree nor Disagree,3,Neither Agree nor Disagree,5,Bad,1,Male,2,Black,6,68,5,3,3,3,5,5,5,3,3,3,3,5,3,,
173,Capetown,Fall,1996,9,2,"$5,500 ","$1,650 ",$75 ,Yes,No,1,Agree,4,Somewhat Disagree,4,Somewhat Disagree,4,Poor,2,Female,1,Asian,2,30,6,5,5,5,6,6,6,5,5,5,6,6,10,,
174,Capetown,Summer,1996,9,4,"$5,500 ","$1,250 ",$435 ,No,No,3,Neither Agree nor Disagree,3,Neither Agree nor Disagree,3,Neither Agree nor Disagree,3,Fair,2,Female,1,Asian,4,38,6,5,5,5,2,2,6,5,5,5,5,5,7,,
175,Paris,Summer,1997,9,2,"$5,500 ","$1,500 ",$200 ,Yes,Yes,3,Neither Agree nor Disagree,5,Disagree,2,Somewhat Agree,5,Bad,2,Female,3,Hispanic,1,41,10,5,5,5,5,10,10,5,5,5,5,10,7,,
176,Capetown,Summer,1996,9,9,"$5,500 ","$2,000 ",$75 ,No,No,5,Disagree,2,Somewhat Agree,1,Agree,1,Excellent,1,Male,2,Black,5,45,7,2,2,1,6,6,7,2,2,1,2,7,4,,
177,London,Summer,1999,9,6,"$5,500 ","$1,250 ",$75 ,Yes,Yes,1,Agree,3,Neither Agree nor Disagree,1,Agree,1,Excellent,2,Female,3,Hispanic,6,28,2,5,5,5,5,5,2,5,5,5,1,1,4,,
178,Paris,Summer,2001,9,5,"$5,500 ","$1,400 ",$180 ,No,No,5,Disagree,5,Disagree,2,Somewhat Agree,2,Good,1,Male,1,Asian,5,81,9,4,5,6,7,9,9,4,5,6,5,9,10,,
179,Tokyo,Winter,1995,9,4,"$5,500 ","$1,400 ",$150 ,No,No,3,Neither Agree nor Disagree,3,Neither Agree nor Disagree,3,Neither Agree nor Disagree,3,Fair,1,Male,3,Hispanic,3,62,5,4,4,4,5,5,5,4,6,6,6,1,10,,
180,Paris,Winter,2004,9,6,"$5,500 ","$1,350 ",$315 ,No,No,1,Agree,2,Somewhat Agree,4,Somewhat Disagree,4,Poor,1,Male,4,White,4,38,4,4,5,5,4,4,8,4,9,9,9,8,4,,
181,Paris,Summer,2004,9,6,"$5,500 ","$1,300 ",$180 ,Yes,Yes,4,Somewhat Disagree,2,Somewhat Agree,3,Neither Agree nor Disagree,3,Fair,2,Female,2,Black,5,30,3,4,4,3,1,1,1,3,4,3,1,4,3,,
182,Capetown,Summer,1984,9,5,"$5,500 ","$1,250 ",$240 ,No,No,4,Somewhat Disagree,5,Disagree,2,Somewhat Agree,2,Good,2,Female,1,Asian,5,81,4,3,3,3,4,4,4,3,1,1,9,3,5,,
183,Paris,Winter,1981,9,4,"$5,500 ","$1,250 ",$165 ,No,Yes,3,Neither Agree nor Disagree,3,Neither Agree nor Disagree,3,Neither Agree nor Disagree,3,Fair,2,Female,4,White,2,61,2,9,9,9,2,2,2,9,3,3,3,2,8,,
184,London,Spring,1986,9,7,"$5,500 ","$1,250 ",$225 ,Yes,No,1,Agree,1,Agree,5,Disagree,1,Excellent,2,Female,3,Hispanic,1,41,4,4,6,4,4,4,4,4,6,4,4,4,2,,
185,London,Spring,2008,9,4,"$5,500 ","$1,250 ",$75 ,No,No,3,Neither Agree nor Disagree,2,Somewhat Agree,2,Somewhat Agree,2,Good,1,Male,1,Asian,4,35,5,9,9,9,5,5,5,9,2,2,2,5,5,,
186,London,Summer,1992,9,6,"$5,500 ","$1,250 ",$240 ,Yes,No,2,Somewhat Agree,2,Somewhat Agree,2,Somewhat Agree,1,Excellent,1,Male,2,Black,5,55,2,5,2,4,2,2,2,5,2,4,2,1,1,,
187,Tokyo,Winter,1989,9,4,"$5,500 ","$1,250 ",$210 ,No,Yes,1,Agree,1,Agree,5,Disagree,4,Poor,2,Female,3,Hispanic,4,19,1,5,8,5,1,1,1,5,8,5,1,1,1,,
188,Tokyo,Summer,1994,9,8,"$5,500 ","$1,250 ",$270 ,No,Yes,1,Agree,1,Agree,5,Disagree,1,Excellent,2,Female,1,Asian,5,52,3,2,2,2,3,3,3,2,2,2,9,3,3,,
189,Capetown,Summer,2003,9,2,"$5,500 ","$2,000 ",$90 ,Yes,Yes,1,Agree,1,Agree,5,Disagree,5,Bad,1,Male,1,Asian,2,65,2,2,2,2,2,2,2,2,4,4,4,2,2,,
190,Tokyo,Summer,2001,9,6,"$5,500 ","$1,250 ",$165 ,No,No,2,Somewhat Agree,2,Somewhat Agree,4,Somewhat Disagree,2,Good,2,Female,3,Hispanic,6,78,10,1,1,1,8,10,10,1,1,1,7,10,10,,
191,Sydney,Winter,1993,9,4,"$5,500 ","$1,200 ","$1,170 ",Yes,Yes,3,Neither Agree nor Disagree,3,Neither Agree nor Disagree,5,Disagree,2,Good,2,Female,3,Hispanic,5,55,9,5,3,5,8,9,9,5,3,5,8,9,9,,
192,Moscow,Summer,2001,9,7,"$5,500 ","$1,200 ",$435 ,No,No,2,Somewhat Agree,2,Somewhat Agree,3,Neither Agree nor Disagree,3,Fair,2,Female,3,Hispanic,5,81,4,2,4,1,4,4,4,2,4,1,4,4,4,,
193,Sydney,Spring,1993,9,3,"$2,200 ","$1,100 ",$285 ,No,No,1,Agree,1,Agree,5,Disagree,5,Bad,1,Male,1,Asian,4,35,7,6,6,6,7,7,7,6,6,6,6,6,6,,
194,Tokyo,Fall,1984,9,6,"$2,200 ","$1,100 ",$330 ,No,No,2,Somewhat Agree,2,Somewhat Agree,5,Disagree,5,Bad,1,Male,1,Asian,3,39,5,8,8,8,5,5,5,8,8,8,8,4,4,,
195,Sydney,Fall,1999,9,6,"$2,200 ","$1,100 ",$30 ,Yes,Yes,4,Somewhat Disagree,4,Somewhat Disagree,3,Neither Agree nor Disagree,4,Poor,2,Female,1,Asian,6,48,4,4,4,4,4,4,4,4,4,4,2,1,1,,
196,Sydney,Summer,1997,9,6,"$2,200 ","$9,500 ",$150 ,No,No,1,Agree,1,Agree,5,Disagree,1,Excellent,2,Female,1,Asian,6,54,1,2,3,3,1,1,1,2,3,3,1,1,1,,
197,Capetown,Fall,1997,9,1,"$2,200 ","$1,750 ",$120 ,Yes,Yes,3,Neither Agree nor Disagree,3,Neither Agree nor Disagree,2,Somewhat Agree,2,Good,2,Female,4,White,1,41,1,5,8,1,8,10,10,5,1,1,1,1,1,,
198,London,Winter,1997,9,12,"$2,200 ","$1,650 ",$60 ,No,No,2,Somewhat Agree,2,Somewhat Agree,5,Disagree,5,Bad,2,Female,2,Black,4,33,4,2,5,8,1,4,4,7,7,8,1,4,4,,
199,Moscow,Winter,2003,9,5,"$2,200 ","$1,600 ",$110 ,No,Yes,1,Agree,1,Agree,3,Neither Agree nor Disagree,3,Fair,2,Female,1,Asian,5,76,3,6,6,1,2,2,2,5,6,1,6,3,3,,
200,Capetown,Fall,2005,9,5,"$2,200 ","$1,600 ",$210 ,No,No,1,Agree,1,Agree,2,Somewhat Agree,2,Good,2,Female,2,Black,5,54,8,5,5,5,6,6,6,5,5,5,5,8,8,,
201,London,Winter,1988,9,6,"$4,800 ","$1,400 ",$500 ,No,No,1,Agree,1,Agree,5,Disagree,5,Bad,1,Male,4,White,6,54,5,3,3,3,5,5,5,3,3,3,5,5,5,,
202,Paris,Winter,1996,9,5,"$4,800 ","$1,550 ",$75 ,No,Yes,5,Disagree,5,Disagree,5,Disagree,5,Bad,2,Female,4,White,5,35,1,4,4,1,1,1,1,1,4,1,1,5,5,,
203,Paris,Winter,2003,9,8,"$4,800 ","$1,100 ",$330 ,No,Yes,2,Somewhat Agree,1,Agree,3,Neither Agree nor Disagree,4,Poor,2,Female,2,Black,6,51,6,7,7,7,3,3,6,7,7,7,3,3,3,,
204,Tokyo,Winter,2001,9,1,"$4,800 ","$1,300 ",$210 ,No,No,1,Agree,2,Somewhat Agree,3,Neither Agree nor Disagree,1,Excellent,1,Male,2,Black,6,54,8,5,5,5,6,6,6,5,5,5,5,8,4,,
205,London,Winter,1998,9,5,"$4,800 ","$1,200 ",$200 ,Yes,Yes,2,Somewhat Agree,1,Agree,4,Somewhat Disagree,4,Poor,2,Female,1,Asian,6,46,4,2,2,2,4,4,4,2,2,2,9,4,3,,
206,Moscow,Winter,2001,9,1,"$4,800 ","$1,550 ",$120 ,No,No,2,Somewhat Agree,1,Agree,5,Disagree,1,Excellent,2,Female,3,Hispanic,5,81,4,2,4,1,4,4,4,2,4,1,4,4,3,,
207,Paris,Winter,2000,9,9,"$4,800 ","$1,050 ",$175 ,No,Yes,5,Disagree,5,Disagree,5,Disagree,5,Bad,1,Male,2,Black,7,70,2,8,8,5,4,5,1,5,8,5,8,2,10,,
208,Moscow,Summer,2003,9,5,"$4,800 ","$9,500 ",$210 ,Yes,Yes,2,Somewhat Agree,2,Somewhat Agree,3,Neither Agree nor Disagree,2,Good,2,Female,4,White,5,36,9,4,5,4,7,9,9,4,5,4,7,9,7,,
209,Paris,Fall,1986,9,6,"$4,800 ","$2,000 ",$90 ,Yes,Yes,2,Somewhat Agree,2,Somewhat Agree,3,Neither Agree nor Disagree,3,Fair,1,Male,2,Black,1,51,8,9,2,9,7,7,8,9,2,9,2,7,7,,
210,Capetown,Summer,1989,9,7,"$4,800 ","$1,900 ",$30 ,No,Yes,1,Agree,1,Agree,2,Somewhat Agree,1,Excellent,2,Female,4,White,6,22,8,1,1,4,9,10,10,4,1,4,7,4,4,,
211,Paris,Summer,1986,9,5,"$4,800 ","$1,750 ",$180 ,No,No,4,Somewhat Disagree,4,Somewhat Disagree,2,Somewhat Agree,1,Excellent,2,Female,1,Asian,2,55,8,5,5,5,5,8,8,5,5,5,5,8,4,,
212,Moscow,Summer,1990,9,2,"$4,800 ","$1,650 ",$150 ,No,No,2,Somewhat Agree,4,Somewhat Disagree,4,Somewhat Disagree,4,Poor,1,Male,3,Hispanic,2,68,1,4,4,4,1,1,1,4,4,4,4,1,10,,
213,London,Spring,2006,9,5,"$3,300 ","$1,650 ",$30 ,Yes,Yes,1,Agree,2,Somewhat Agree,5,Disagree,3,Fair,2,Female,1,Asian,6,48,6,5,3,3,5,6,6,5,3,3,5,6,10,,
214,Capetown,Summer,1988,9,3,"$3,200 ","$1,600 ",$180 ,Yes,Yes,4,Somewhat Disagree,2,Somewhat Agree,3,Neither Agree nor Disagree,3,Fair,2,Female,2,Black,3,30,3,4,4,3,1,1,1,3,4,3,1,4,4,,
215,Capetown,Winter,1992,9,6,"$3,200 ","$1,600 ",$225 ,No,Yes,2,Somewhat Agree,2,Somewhat Agree,4,Somewhat Disagree,4,Poor,1,Male,4,White,5,47,5,7,7,7,5,5,5,7,7,7,7,2,3,,
216,Capetown,Summer,1985,9,1,"$3,200 ","$1,600 ",$60 ,Yes,No,4,Somewhat Disagree,4,Somewhat Disagree,4,Somewhat Disagree,4,Poor,2,Female,4,White,3,30,6,5,5,5,6,6,6,5,5,5,6,6,5,,
217,Paris,Spring,1984,9,5,"$3,100 ","$1,550 ",$255 ,No,No,5,Disagree,5,Disagree,2,Somewhat Agree,2,Good,2,Female,3,Hispanic,5,81,4,3,3,4,5,4,4,2,3,4,5,3,8,,
218,Tokyo,Winter,1982,9,8,"$6,000 ","$1,300 ",$150 ,Yes,Yes,3,Neither Agree nor Disagree,4,Somewhat Disagree,2,Somewhat Agree,2,Good,1,Male,1,Asian,6,50,4,4,4,4,4,4,2,4,8,8,8,8,2,,
219,Tokyo,Winter,1986,9,7,"$6,000 ","$1,250 ",$225 ,Yes,Yes,2,Somewhat Agree,2,Somewhat Agree,4,Somewhat Disagree,4,Poor,2,Female,4,White,6,55,10,1,5,6,8,8,10,1,5,5,5,3,3,,
220,London,Spring,1994,9,5,"$6,000 ","$1,050 ",$105 ,Yes,Yes,5,Disagree,1,Agree,1,Agree,1,Excellent,1,Male,2,Black,5,76,2,5,8,3,3,2,2,5,8,3,8,2,2,,
221,Paris,Summer,1986,9,5,"$6,000 ","$1,250 ",$315 ,No,Yes,3,Neither Agree nor Disagree,2,Somewhat Agree,4,Somewhat Disagree,5,Bad,1,Male,4,White,5,47,2,2,4,2,2,2,2,2,4,2,1,1,1,,
222,Capetown,Winter,1991,9,7,"$6,000 ","$1,400 ",$75 ,No,Yes,5,Disagree,5,Disagree,5,Disagree,5,Bad,1,Male,3,Hispanic,4,35,1,4,4,4,1,1,1,4,4,4,4,5,5,,
223,Capetown,Winter,1986,9,3,"$6,000 ","$1,400 ",$750 ,Yes,Yes,1,Agree,1,Agree,5,Disagree,5,Bad,1,Male,1,Asian,2,65,2,2,2,2,2,2,2,2,4,4,4,2,2,,
224,Moscow,Spring,1991,9,2,"$6,000 ","$1,350 ",$150 ,Yes,Yes,1,Agree,3,Neither Agree nor Disagree,2,Somewhat Agree,2,Good,2,Female,4,White,2,31,5,4,4,4,5,5,5,4,4,4,5,5,5,,
225,London,Winter,1986,9,6,"$4,800 ","$1,300 ",$75 ,No,No,2,Somewhat Agree,2,Somewhat Agree,5,Disagree,2,Good,2,Female,4,White,6,49,8,1,7,9,2,2,2,7,7,9,2,8,8,,
226,Paris,Winter,1989,9,3,"$4,800 ","$1,300 ",$340 ,Yes,Yes,2,Somewhat Agree,2,Somewhat Agree,2,Somewhat Agree,1,Excellent,2,Female,2,Black,6,25,4,2,7,3,2,5,5,7,7,3,2,4,4,,
227,Paris,Fall,1987,9,9,"$4,800 ","$1,250 ",$100 ,Yes,Yes,1,Agree,1,Agree,5,Disagree,4,Poor,2,Female,1,Asian,5,47,5,2,4,1,5,5,1,2,8,8,8,8,8,,
228,Paris,Winter,1993,9,9,"$4,800 ","$1,250 ",$200 ,No,Yes,1,Agree,1,Agree,3,Neither Agree nor Disagree,2,Good,2,Female,2,Black,6,54,7,6,8,5,7,7,7,6,8,5,7,7,7,,
229,Paris,Winter,1980,9,5,"$4,800 ","$1,250 ",$88 ,Yes,Yes,2,Somewhat Agree,2,Somewhat Agree,5,Disagree,5,Bad,2,Female,3,Hispanic,5,81,8,8,5,6,8,8,10,8,8,8,1,1,1,,
230,Paris,Summer,1988,9,5,"$4,800 ","$1,250 ",$150 ,Yes,No,2,Somewhat Agree,2,Somewhat Agree,5,Disagree,5,Bad,1,Male,3,Hispanic,5,45,4,2,2,2,8,8,4,2,5,5,5,2,2,,
231,London,Summer,1980,9,6,"$4,800 ","$1,200 ",$75 ,Yes,Yes,4,Somewhat Disagree,2,Somewhat Agree,2,Somewhat Agree,5,Bad,2,Female,1,Asian,6,48,6,5,3,3,5,6,6,5,3,3,5,6,6,,
232,London,Summer,1988,9,5,"$4,800 ","$1,200 ",$225 ,Yes,No,3,Neither Agree nor Disagree,1,Agree,2,Somewhat Agree,5,Bad,2,Female,4,White,5,47,4,3,1,1,3,4,4,3,1,1,3,4,4,,
233,Moscow,Winter,1984,9,7,"$4,800 ","$1,200 ",$255 ,No,No,3,Neither Agree nor Disagree,3,Neither Agree nor Disagree,3,Neither Agree nor Disagree,3,Fair,2,Female,2,Black,5,35,4,5,5,5,4,4,4,5,5,5,4,4,4,,
234,Moscow,Winter,1995,9,4,"$4,800 ","$1,200 ",$90 ,No,No,2,Somewhat Agree,2,Somewhat Agree,3,Neither Agree nor Disagree,3,Fair,1,Male,3,Hispanic,5,54,5,6,6,6,5,5,5,6,6,6,6,5,3,,
235,London,Winter,1991,9,1,"$4,800 ","$1,250 ",$255 ,No,No,3,Neither Agree nor Disagree,3,Neither Agree nor Disagree,3,Neither Agree nor Disagree,2,Good,2,Female,3,Hispanic,6,68,3,2,5,1,3,3,3,2,5,1,3,3,3,,
236,London,Fall,1996,9,5,"$4,800 ","$1,200 ",$75 ,No,No,2,Somewhat Agree,2,Somewhat Agree,1,Agree,1,Excellent,1,Male,2,Black,5,45,7,2,2,1,6,7,7,2,2,1,2,7,10,,
237,London,Fall,1996,9,4,"$4,800 ","$9,500 ",$600 ,No,No,2,Somewhat Agree,3,Neither Agree nor Disagree,1,Agree,1,Excellent,1,Male,2,Black,5,45,7,2,2,1,6,7,7,2,2,1,2,7,7,,
238,Tokyo,Winter,1986,9,9,"$4,800 ","$1,150 ",$825 ,No,Yes,1,Agree,3,Neither Agree nor Disagree,5,Disagree,5,Bad,2,Female,3,Hispanic,2,28,10,2,1,2,8,8,10,2,1,2,1,8,7,,
239,London,Spring,2006,9,4,"$4,800 ","$1,100 ",$700 ,No,Yes,3,Neither Agree nor Disagree,3,Neither Agree nor Disagree,1,Agree,5,Bad,1,Male,2,Black,3,36,5,7,6,6,5,5,5,7,6,6,6,5,4,,
240,Paris,Winter,1980,9,1,"$4,800 ","$1,000 ",$165 ,No,Yes,1,Agree,1,Agree,5,Disagree,5,Bad,1,Male,4,White,5,35,1,4,4,1,1,1,1,1,4,1,1,5,4,,
241,London,Spring,2009,9,9,"$4,800 ","$1,650 ",$120 ,Yes,No,4,Somewhat Disagree,1,Agree,2,Somewhat Agree,3,Fair,2,Female,2,Black,5,55,3,3,3,3,3,3,3,3,3,3,3,3,10,,
242,Tokyo,Winter,1997,9,7,"$3,300 ","$1,650 ",$170 ,No,No,2,Somewhat Agree,5,Disagree,2,Somewhat Agree,4,Poor,2,Female,1,Asian,6,54,3,5,8,5,4,3,3,5,8,5,8,3,10,,
243,London,Summer,1997,9,3,"$3,300 ","$1,650 ",$88 ,No,No,3,Neither Agree nor Disagree,1,Agree,3,Neither Agree nor Disagree,5,Bad,2,Female,4,White,5,52,2,1,4,2,2,2,2,1,4,2,2,2,4,,
244,London,Spring,1994,9,1,"$3,200 ","$1,600 ",$60 ,No,No,4,Somewhat Disagree,2,Somewhat Agree,5,Disagree,5,Bad,2,Female,2,Black,4,33,6,5,5,5,7,6,6,5,5,5,3,6,3,,
245,Paris,Winter,1981,9,2,"$2,800 ","$1,400 ",$975 ,No,Yes,4,Somewhat Disagree,5,Disagree,2,Somewhat Agree,3,Fair,2,Female,3,Hispanic,1,41,1,5,8,5,1,1,1,5,8,5,8,1,5,,
246,Tokyo,Spring,1994,9,7,"$4,000 ","$1,400 ",$120 ,Yes,Yes,5,Disagree,5,Disagree,5,Disagree,1,Excellent,1,Male,4,White,2,61,6,3,3,3,6,6,6,3,3,3,3,6,8,,
247,London,Spring,1997,8,1,"$4,000 ","$1,400 ",$150 ,Yes,No,2,Somewhat Agree,2,Somewhat Agree,2,Somewhat Agree,2,Good,1,Male,2,Black,5,55,2,5,2,4,3,3,2,5,2,4,2,3,2,,
248,London,Winter,1960,8,1,"$4,000 ","$1,000 ",$300 ,Yes,Yes,2,Somewhat Agree,1,Agree,3,Neither Agree nor Disagree,1,Excellent,2,Female,2,Black,6,46,4,2,2,2,4,4,4,2,2,2,4,4,4,,
249,London,Fall,1993,8,6,"$4,000 ","$1,300 ",$22 ,Yes,Yes,1,Agree,4,Somewhat Disagree,4,Somewhat Disagree,2,Good,1,Male,4,White,5,57,2,9,5,5,5,1,1,5,5,5,5,2,2,,
250,London,Winter,1995,8,6,"$4,000 ","$1,300 ",$75 ,No,No,5,Disagree,4,Somewhat Disagree,2,Somewhat Agree,2,Good,2,Female,4,White,6,49,8,1,7,9,2,2,2,7,7,9,2,8,8,,
251,Paris,Winter,1971,8,5,"$4,000 ","$1,250 ",$165 ,No,Yes,3,Neither Agree nor Disagree,3,Neither Agree nor Disagree,4,Somewhat Disagree,4,Poor,2,Female,3,Hispanic,5,52,2,1,4,2,2,2,2,1,4,2,2,2,4,,
252,Moscow,Winter,1995,8,11,"$5,500 ","$1,150 ",$30 ,No,No,3,Neither Agree nor Disagree,3,Neither Agree nor Disagree,1,Agree,1,Excellent,2,Female,4,White,6,48,5,4,8,4,5,5,5,4,8,4,8,5,3,,
253,Moscow,Spring,1991,8,6,"$5,500 ","$1,150 ",$150 ,Yes,No,1,Agree,3,Neither Agree nor Disagree,5,Disagree,2,Good,2,Female,4,White,2,31,5,4,4,4,5,5,5,4,4,4,5,5,3,,
254,London,Winter,1989,8,3,"$5,500 ","$1,100 ",$75 ,No,No,2,Somewhat Agree,2,Somewhat Agree,1,Agree,1,Excellent,1,Male,1,Asian,6,54,3,5,8,9,1,1,1,9,9,9,8,3,10,,
255,Capetown,Summer,1997,8,1,"$5,500 ","$2,750 ",$180 ,Yes,Yes,3,Neither Agree nor Disagree,2,Somewhat Agree,2,Somewhat Agree,2,Good,1,Male,4,White,1,40,8,2,2,2,8,8,8,2,2,2,2,8,7,,
256,Moscow,Winter,1999,8,6,"$5,500 ","$2,000 ",$105 ,Yes,Yes,2,Somewhat Agree,1,Agree,1,Agree,1,Excellent,1,Male,2,Black,5,76,2,5,8,3,3,2,2,5,8,3,8,2,7,,
257,Paris,Winter,1997,8,5,"$5,500 ","$2,000 ",$600 ,No,No,4,Somewhat Disagree,4,Somewhat Disagree,1,Agree,2,Good,2,Female,3,Hispanic,6,25,1,3,2,4,1,1,1,3,2,4,9,1,4,,
258,Moscow,Winter,1980,8,3,"$5,500 ","$1,700 ",$375 ,No,Yes,5,Disagree,4,Somewhat Disagree,4,Somewhat Disagree,4,Poor,1,Male,1,Asian,3,36,1,8,8,8,1,1,5,8,5,5,5,5,4,,
259,London,Summer,2003,8,9,"$5,500 ","$1,100 ",$90 ,Yes,Yes,2,Somewhat Agree,2,Somewhat Agree,4,Somewhat Disagree,2,Good,1,Male,4,White,5,34,7,8,6,6,7,6,6,6,6,6,6,7,10,,
260,Moscow,Winter,1984,8,2,"$5,500 ","$1,650 ",$90 ,Yes,Yes,5,Disagree,5,Disagree,5,Disagree,5,Bad,1,Male,3,Hispanic,2,35,2,1,1,3,2,2,2,1,1,3,1,2,10,,
261,London,Summer,2000,8,8,"$5,500 ","$1,650 ",$120 ,Yes,Yes,2,Somewhat Agree,2,Somewhat Agree,3,Neither Agree nor Disagree,1,Excellent,2,Female,2,Black,6,46,4,2,2,2,4,4,4,2,2,2,4,4,4,,
262,Tokyo,Summer,2001,8,7,"$5,500 ","$1,650 ",$210 ,No,Yes,2,Somewhat Agree,2,Somewhat Agree,2,Somewhat Agree,3,Fair,1,Male,3,Hispanic,1,74,4,7,7,7,4,4,4,7,7,7,7,4,3,,
263,Capetown,Winter,2004,8,5,"$5,500 ","$9,500 ",$60 ,No,No,1,Agree,3,Neither Agree nor Disagree,5,Disagree,5,Bad,1,Male,4,White,6,24,5,4,4,4,5,5,5,4,4,4,5,5,5,,
264,London,Summer,1995,8,9,"$5,500 ","$1,650 ",$285 ,No,Yes,5,Disagree,2,Somewhat Agree,2,Somewhat Agree,3,Fair,1,Male,1,Asian,5,76,3,6,6,1,2,2,2,5,6,1,6,3,8,,
265,Moscow,Winter,1977,8,8,"$5,500 ","$1,650 ",$495 ,No,Yes,2,Somewhat Agree,2,Somewhat Agree,5,Disagree,5,Bad,2,Female,1,Asian,6,49,1,5,5,5,1,1,5,5,6,6,6,4,2,,
266,Tokyo,Summer,2003,8,4,"$5,500 ","$1,650 ",$90 ,No,No,1,Agree,3,Neither Agree nor Disagree,3,Neither Agree nor Disagree,2,Good,1,Male,1,Asian,4,38,5,5,5,5,4,5,5,5,5,5,4,5,5,,
267,Moscow,Summer,1986,8,4,"$5,500 ","$1,650 ",$240 ,Yes,Yes,5,Disagree,5,Disagree,5,Disagree,5,Bad,1,Male,3,Hispanic,4,35,2,1,1,3,2,2,2,1,1,3,1,2,2,,
268,London,Summer,2003,8,6,"$5,500 ","$1,000 ",$75 ,No,No,2,Somewhat Agree,2,Somewhat Agree,1,Agree,1,Excellent,1,Male,1,Asian,6,54,4,4,4,4,4,4,4,4,4,4,2,1,1,,
269,Capetown,Summer,1986,8,4,"$5,500 ","$1,050 ",$79 ,No,No,4,Somewhat Disagree,1,Agree,1,Agree,1,Excellent,1,Male,3,Hispanic,5,23,5,4,4,4,5,5,5,4,4,4,1,1,1,,
270,Capetown,Summer,1990,8,1,"$5,500 ","$1,400 ",$175 ,No,No,2,Somewhat Agree,2,Somewhat Agree,1,Agree,1,Excellent,1,Male,1,Asian,3,87,2,4,4,4,6,2,2,4,4,4,1,1,1,,
271,Capetown,Summer,1984,8,1,"$5,500 ","$1,400 ",$165 ,No,No,2,Somewhat Agree,1,Agree,2,Somewhat Agree,2,Good,2,Female,1,Asian,5,21,2,1,1,1,2,2,2,1,1,1,8,2,2,,
272,Capetown,Winter,1995,8,5,"$5,500 ","$1,600 ",$120 ,Yes,Yes,5,Disagree,3,Neither Agree nor Disagree,2,Somewhat Agree,2,Good,1,Male,2,Black,5,54,1,8,8,9,1,1,1,8,8,9,8,1,1,,
273,Moscow,Winter,1990,8,5,"$5,500 ","$1,600 ",$75 ,No,Yes,1,Agree,2,Somewhat Agree,2,Somewhat Agree,2,Good,2,Female,2,Black,5,64,1,5,5,5,5,1,1,5,5,5,5,1,1,,
274,Capetown,Winter,1986,8,5,"$5,500 ","$1,600 ",$210 ,No,Yes,1,Agree,2,Somewhat Agree,1,Agree,1,Excellent,1,Male,3,Hispanic,5,29,10,2,2,2,9,9,10,2,2,2,2,9,9,,
275,Capetown,Winter,1994,8,5,"$5,500 ","$1,600 ",$200 ,No,No,3,Neither Agree nor Disagree,3,Neither Agree nor Disagree,3,Neither Agree nor Disagree,3,Fair,2,Female,4,White,5,27,4,1,1,3,4,4,4,1,1,3,8,4,4,,
276,London,Winter,1994,8,1,"$5,500 ","$1,600 ",$150 ,Yes,No,4,Somewhat Disagree,2,Somewhat Agree,2,Somewhat Agree,2,Good,1,Male,2,Black,5,55,2,5,2,4,3,3,2,5,2,4,2,3,4,,
277,Capetown,Fall,2000,8,6,"$5,500 ","$1,400 ",$60 ,Yes,Yes,4,Somewhat Disagree,5,Disagree,3,Neither Agree nor Disagree,3,Fair,1,Male,3,Hispanic,5,23,3,2,2,2,3,3,3,2,2,2,3,3,3,,
278,Capetown,Fall,2001,8,4,"$5,500 ","$1,600 ",$600 ,No,No,2,Somewhat Agree,5,Disagree,1,Agree,1,Excellent,1,Male,2,Black,5,45,2,5,6,1,2,2,2,5,6,1,6,2,3,,
279,Capetown,Fall,2004,8,7,"$5,500 ","$1,600 ",$79 ,No,No,4,Somewhat Disagree,3,Neither Agree nor Disagree,5,Disagree,5,Bad,1,Male,3,Hispanic,5,24,5,4,4,4,5,5,5,4,4,4,1,5,10,,
280,Capetown,Fall,1997,8,7,"$5,500 ","$1,600 ",$60 ,Yes,Yes,1,Agree,2,Somewhat Agree,2,Somewhat Agree,2,Good,1,Male,3,Hispanic,5,40,8,2,2,9,7,7,8,9,2,9,2,8,7,,
281,London,Winter,1989,8,9,"$5,500 ","$1,600 ",$165 ,No,No,1,Agree,2,Somewhat Agree,4,Somewhat Disagree,4,Poor,2,Female,1,Asian,5,43,5,1,1,1,5,5,5,1,1,1,8,5,7,,
282,London,Winter,1997,8,5,"$5,500 ","$1,600 ",$105 ,Yes,Yes,5,Disagree,1,Agree,2,Somewhat Agree,1,Excellent,2,Female,2,Black,5,81,4,2,3,4,5,4,4,2,3,4,5,4,4,,
283,Capetown,Summer,1988,8,1,"$3,100 ","$1,550 ",$375 ,Yes,Yes,2,Somewhat Agree,4,Somewhat Disagree,3,Neither Agree nor Disagree,3,Fair,2,Female,4,White,1,30,3,4,4,4,3,3,3,4,8,8,1,4,4,,
284,London,Winter,1980,8,8,"$3,000 ","$1,500 ",$165 ,No,No,4,Somewhat Disagree,4,Somewhat Disagree,4,Somewhat Disagree,4,Poor,2,Female,2,Black,1,43,5,1,1,1,5,5,5,1,1,10,7,5,10,,
285,Moscow,Winter,1995,8,6,"$2,900 ","$1,100 ",$90 ,No,No,1,Agree,1,Agree,4,Somewhat Disagree,4,Poor,1,Male,1,Asian,6,38,5,5,5,5,4,4,9,5,7,7,7,4,10,,
286,Paris,Winter,1994,8,3,"$2,900 ","$1,050 ",$120 ,Yes,Yes,4,Somewhat Disagree,5,Disagree,5,Disagree,5,Bad,2,Female,4,White,2,61,6,3,3,8,6,6,6,3,5,8,6,6,4,,
287,London,Spring,1970,7,5,"$4,500 ","$2,000 ",$375 ,No,Yes,5,Disagree,5,Disagree,5,Disagree,1,Excellent,1,Male,3,Hispanic,5,73,5,6,9,5,1,5,5,6,9,5,9,5,3,,
288,London,Summer,1999,7,1,"$4,000 ","$2,000 ",$135 ,No,Yes,1,Agree,5,Disagree,2,Somewhat Agree,5,Bad,1,Male,2,Black,3,36,3,9,9,9,3,3,3,9,9,9,9,3,5,,
289,Capetown,Winter,1970,7,6,"$6,500 ","$1,900 ",$400 ,No,No,3,Neither Agree nor Disagree,3,Neither Agree nor Disagree,3,Neither Agree nor Disagree,3,Fair,2,Female,4,White,6,68,5,5,5,4,5,5,5,4,5,4,5,5,8,,
290,Paris,Summer,2004,7,5,"$6,500 ","$1,750 ",$700 ,No,No,3,Neither Agree nor Disagree,3,Neither Agree nor Disagree,1,Agree,2,Good,2,Female,4,White,6,68,5,5,5,4,5,5,5,4,5,4,5,5,2,,
291,Moscow,Winter,1980,7,7,"$4,000 ","$1,750 ",$375 ,No,Yes,5,Disagree,4,Somewhat Disagree,4,Somewhat Disagree,4,Poor,2,Female,1,Asian,3,36,1,8,8,8,1,1,5,8,5,5,5,5,5,,
292,Moscow,Winter,1985,7,7,"$5,000 ","$1,750 ",$110 ,Yes,No,2,Somewhat Agree,2,Somewhat Agree,5,Disagree,5,Bad,2,Female,3,Hispanic,6,51,2,5,5,5,2,2,5,5,3,3,3,2,2,,
293,London,Spring,1989,7,1,"$5,000 ","$1,750 ",$75 ,No,Yes,2,Somewhat Agree,2,Somewhat Agree,1,Agree,1,Excellent,1,Male,2,Black,5,45,7,2,2,1,6,7,7,2,2,1,2,7,7,,
294,Capetown,Summer,2006,7,1,"$3,400 ","$1,700 ",$170 ,No,No,1,Agree,2,Somewhat Agree,1,Agree,2,Good,1,Male,2,Black,6,45,2,5,6,1,2,2,2,5,6,1,6,2,2,,
295,Moscow,Winter,2001,7,7,"$3,300 ","$1,650 ",$90 ,No,Yes,4,Somewhat Disagree,2,Somewhat Agree,2,Somewhat Agree,2,Good,2,Female,3,Hispanic,2,64,1,5,5,5,1,1,1,5,5,5,5,1,1,,
296,Paris,Winter,1992,7,5,"$4,200 ","$1,400 ",$30 ,No,Yes,2,Somewhat Agree,3,Neither Agree nor Disagree,3,Neither Agree nor Disagree,3,Fair,2,Female,3,Hispanic,5,55,1,3,3,3,1,1,1,3,3,3,5,1,1,,
297,London,Winter,2006,7,2,"$4,200 ","$1,650 ",$330 ,No,Yes,1,Agree,1,Agree,5,Disagree,1,Excellent,1,Male,3,Hispanic,2,50,2,7,7,9,2,2,2,7,7,9,7,2,2,,
298,London,Summer,1971,7,5,"$4,200 ","$1,650 ",$75 ,No,No,1,Agree,2,Somewhat Agree,2,Somewhat Agree,2,Good,2,Female,3,Hispanic,2,38,2,5,5,5,2,2,2,5,5,5,6,2,2,,
299,London,Winter,1970,7,2,"$4,200 ","$9,500 ",$120 ,Yes,Yes,3,Neither Agree nor Disagree,1,Agree,5,Disagree,1,Excellent,1,Male,1,Asian,2,65,10,1,1,1,8,10,10,1,1,1,1,10,10,,
300,Capetown,Winter,1997,7,6,"$4,200 ","$2,000 ",$165 ,No,No,2,Somewhat Agree,2,Somewhat Agree,2,Somewhat Agree,5,Bad,2,Female,3,Hispanic,6,58,4,4,4,4,4,4,4,4,4,4,4,1,1,,
301,Paris,Winter,1995,7,5,"$4,200 ","$1,750 ",$180 ,No,No,2,Somewhat Agree,1,Agree,2,Somewhat Agree,1,Excellent,2,Female,1,Asian,6,55,8,5,5,5,5,8,8,5,5,5,5,8,8,,
302,London,Fall,1996,7,5,"$4,200 ","$1,750 ",$75 ,No,No,2,Somewhat Agree,1,Agree,1,Agree,1,Excellent,1,Male,2,Black,5,45,7,2,2,1,6,7,7,2,2,1,2,7,7,,
303,Tokyo,Winter,2001,7,7,"$4,200 ","$1,650 ",$330 ,No,No,3,Neither Agree nor Disagree,3,Neither Agree nor Disagree,4,Somewhat Disagree,5,Bad,2,Female,3,Hispanic,5,23,4,8,9,3,5,4,4,8,9,3,5,4,4,,
304,London,Winter,1996,7,1,"$4,200 ","$1,650 ",$18 ,No,No,3,Neither Agree nor Disagree,3,Neither Agree nor Disagree,4,Somewhat Disagree,3,Fair,2,Female,3,Hispanic,1,25,1,8,8,8,1,1,1,8,8,8,1,1,1,,
305,Moscow,Winter,2001,7,6,"$4,200 ","$1,050 ",$240 ,Yes,No,1,Agree,2,Somewhat Agree,2,Somewhat Agree,3,Fair,2,Female,1,Asian,2,29,6,5,4,5,6,6,6,5,4,5,6,6,6,,
306,Paris,Winter,1995,7,5,"$4,200 ","$1,400 ",$180 ,No,No,4,Somewhat Disagree,4,Somewhat Disagree,2,Somewhat Agree,1,Excellent,2,Female,1,Asian,5,55,8,5,5,5,5,8,8,5,5,5,5,8,8,,
307,Paris,Winter,1999,7,3,"$4,200 ","$1,400 ",$105 ,No,Yes,4,Somewhat Disagree,2,Somewhat Agree,2,Somewhat Agree,2,Good,2,Female,3,Hispanic,2,65,6,5,5,5,6,6,6,5,5,5,6,6,4,,
308,Paris,Winter,1999,7,12,"$4,200 ","$1,400 ",$200 ,Yes,Yes,3,Neither Agree nor Disagree,3,Neither Agree nor Disagree,1,Agree,1,Excellent,2,Female,3,Hispanic,1,41,10,5,5,5,5,10,10,5,5,5,5,10,3,,
309,Paris,Winter,1974,7,3,"$4,200 ","$1,300 ",$165 ,No,No,3,Neither Agree nor Disagree,5,Disagree,5,Disagree,1,Excellent,2,Female,1,Asian,5,52,2,1,4,2,2,2,2,1,4,2,2,2,3,,
310,London,Fall,1997,7,2,"$4,200 ","$1,300 ",$250 ,No,Yes,1,Agree,3,Neither Agree nor Disagree,1,Agree,1,Excellent,1,Male,2,Black,2,61,2,9,2,5,8,8,8,2,2,5,2,2,10,,
311,London,Winter,1999,7,3,"$4,200 ","$1,250 ",$700 ,No,Yes,2,Somewhat Agree,2,Somewhat Agree,1,Agree,2,Good,1,Male,2,Black,3,36,5,7,6,6,5,5,5,7,6,6,5,5,7,,
312,Paris,Summer,2000,7,5,"$4,200 ","$1,250 ",$165 ,Yes,No,1,Agree,2,Somewhat Agree,5,Disagree,2,Good,2,Female,4,White,5,55,7,8,7,7,7,7,7,8,7,7,7,7,7,,
313,London,Winter,1992,7,1,"$3,000 ","$1,250 ",$120 ,No,Yes,5,Disagree,5,Disagree,4,Somewhat Disagree,5,Bad,2,Female,4,White,1,51,5,3,3,3,5,5,5,3,3,3,9,5,4,,
314,Tokyo,Winter,1986,7,4,"$2,500 ","$1,250 ",$225 ,Yes,Yes,1,Agree,1,Agree,2,Somewhat Agree,2,Good,2,Female,3,Hispanic,5,45,4,7,5,7,4,4,4,7,5,7,4,4,4,,
315,Paris,Fall,1971,7,6,"$2,500 ","$1,250 ",$210 ,No,No,4,Somewhat Disagree,4,Somewhat Disagree,5,Disagree,4,Poor,1,Male,4,White,6,68,6,5,5,5,8,5,6,5,5,5,5,6,10,,
316,London,Winter,1991,7,8,"$2,400 ","$1,200 ",$150 ,No,No,3,Neither Agree nor Disagree,1,Agree,2,Somewhat Agree,4,Poor,2,Female,3,Hispanic,6,68,3,2,5,1,3,3,3,2,5,1,3,3,10,,
317,Paris,Summer,1999,7,5,"$2,400 ","$1,200 ",$75 ,Yes,Yes,1,Agree,2,Somewhat Agree,1,Agree,3,Fair,2,Female,3,Hispanic,5,45,4,7,5,7,4,4,4,7,5,7,4,4,4,,
318,London,Summer,1979,7,6,"$1,000 ","$1,100 ",$200 ,Yes,Yes,5,Disagree,5,Disagree,2,Somewhat Agree,2,Good,2,Female,3,Hispanic,6,46,5,2,4,1,5,5,5,2,4,1,5,5,3,,
319,Paris,Winter,1996,7,7,"$2,200 ","$1,100 ",$180 ,No,Yes,3,Neither Agree nor Disagree,3,Neither Agree nor Disagree,3,Neither Agree nor Disagree,3,Fair,2,Female,4,White,5,41,1,4,4,10,1,1,1,10,4,10,1,2,5,,
320,Paris,Winter,1998,7,5,"$2,200 ","$1,100 ",$135 ,No,Yes,5,Disagree,5,Disagree,1,Agree,5,Bad,2,Female,4,White,5,52,5,7,7,7,5,5,5,7,7,7,2,2,8,,
321,Paris,Summer,1977,7,1,"$1,100 ","$1,100 ",$495 ,No,Yes,2,Somewhat Agree,2,Somewhat Agree,5,Disagree,1,Excellent,1,Male,2,Black,6,49,1,5,5,5,1,1,1,5,5,5,5,1,2,,
322,Paris,Summer,1996,7,4,"$2,100 ","$1,050 ",$75 ,Yes,No,5,Disagree,5,Disagree,5,Disagree,5,Bad,1,Male,4,White,4,35,5,4,4,4,5,5,5,4,4,4,4,1,1,,
323,Paris,Winter,2003,7,4,"$2,100 ","$1,050 ",$750 ,No,No,1,Agree,1,Agree,5,Disagree,5,Bad,1,Male,4,White,2,65,2,4,4,4,6,2,2,4,4,4,4,1,1,,
324,Paris,Spring,1999,7,1,"$2,100 ","$1,050 ",$340 ,Yes,No,5,Disagree,5,Disagree,5,Disagree,5,Bad,2,Female,2,Black,6,25,9,6,6,6,2,9,9,6,6,6,9,9,9,,
325,Paris,Summer,1974,7,6,"$2,100 ","$1,050 ",$165 ,No,No,3,Neither Agree nor Disagree,3,Neither Agree nor Disagree,4,Somewhat Disagree,4,Poor,2,Female,4,White,5,52,5,4,4,4,5,5,5,4,4,4,4,4,4,,
326,Capetown,Summer,1971,7,7,"$6,800 ","$3,000 ",$495 ,No,No,1,Agree,3,Neither Agree nor Disagree,3,Neither Agree nor Disagree,3,Fair,2,Female,1,Asian,4,38,6,5,5,5,2,2,6,5,5,5,5,5,5,,
327,Tokyo,Fall,1992,7,6,"$5,500 ","$2,000 ",$120 ,Yes,No,5,Disagree,5,Disagree,5,Disagree,1,Excellent,1,Male,4,White,2,61,6,3,3,3,6,6,6,3,3,3,3,6,6,,
328,Capetown,Winter,1975,7,1,"$3,300 ","$1,650 ",$435 ,Yes,Yes,2,Somewhat Agree,4,Somewhat Disagree,4,Somewhat Disagree,4,Poor,1,Male,4,White,2,65,6,6,6,6,6,6,6,6,6,6,6,6,6,,
329,Tokyo,Winter,1994,7,1,"$2,900 ","$1,250 ",$180 ,No,No,2,Somewhat Agree,5,Disagree,2,Somewhat Agree,2,Good,2,Female,1,Asian,6,81,9,4,5,6,7,7,9,4,5,5,5,4,4,,
330,Moscow,Summer,1993,7,7,"$2,800 ","$1,400 ",$88 ,No,Yes,2,Somewhat Agree,5,Disagree,5,Disagree,5,Bad,1,Male,4,White,2,36,3,6,6,2,3,3,3,6,6,2,6,3,3,,
331,Capetown,Winter,2000,7,1,"$2,800 ","$1,400 ",$390 ,Yes,Yes,4,Somewhat Disagree,4,Somewhat Disagree,4,Somewhat Disagree,4,Poor,1,Male,2,Black,2,65,6,6,6,6,6,6,6,6,6,6,6,6,6,,
332,Paris,Winter,2001,7,6,"$5,500 ","$1,350 ",$300 ,No,Yes,2,Somewhat Agree,1,Agree,1,Agree,2,Good,2,Female,4,White,6,49,1,10,8,8,1,1,1,10,8,8,1,1,1,,
333,Tokyo,Fall,1971,7,2,"$5,500 ","$1,300 ",$60 ,No,No,5,Disagree,5,Disagree,3,Neither Agree nor Disagree,1,Excellent,1,Male,3,Hispanic,2,29,1,4,4,4,1,1,1,4,4,4,4,1,1,,
334,Paris,Winter,1974,7,1,"$5,500 ","$1,200 ",$180 ,No,No,5,Disagree,2,Somewhat Agree,1,Agree,1,Excellent,1,Male,3,Hispanic,2,29,1,4,4,4,1,1,1,4,4,4,4,1,1,,
335,Paris,Summer,1971,7,5,"$5,500 ","$9,500 ",$255 ,No,No,5,Disagree,2,Somewhat Agree,1,Agree,4,Poor,2,Female,2,Black,5,81,4,3,3,4,5,4,4,2,3,4,5,3,3,,
336,Tokyo,Summer,2006,7,7,"$5,500 ","$9,500 ",$825 ,No,Yes,5,Disagree,5,Disagree,3,Neither Agree nor Disagree,3,Fair,1,Male,3,Hispanic,2,28,10,2,1,2,8,8,10,2,1,2,1,8,8,,
337,London,Summer,1999,7,1,"$5,500 ","$2,000 ",$200 ,Yes,Yes,3,Neither Agree nor Disagree,3,Neither Agree nor Disagree,1,Agree,1,Excellent,2,Female,3,Hispanic,1,41,10,5,5,5,5,5,10,5,5,5,2,2,2,,
338,London,Spring,1997,7,6,"$5,500 ","$2,000 ",$300 ,No,Yes,4,Somewhat Disagree,4,Somewhat Disagree,5,Disagree,5,Bad,1,Male,1,Asian,2,65,1,8,8,8,1,1,1,8,3,3,3,3,4,,
339,Moscow,Winter,2001,7,8,"$5,500 ","$2,000 ",$90 ,Yes,No,3,Neither Agree nor Disagree,3,Neither Agree nor Disagree,3,Neither Agree nor Disagree,3,Fair,2,Female,4,White,5,47,4,3,1,1,3,3,4,3,9,9,1,3,3,,
340,Moscow,Winter,2001,7,9,"$5,500 ","$2,000 ",$435 ,No,No,4,Somewhat Disagree,2,Somewhat Agree,1,Agree,1,Excellent,2,Female,3,Hispanic,5,81,4,2,4,1,4,4,4,2,4,1,4,4,3,,
341,Capetown,Summer,1992,7,6,"$5,500 ","$1,900 ",$75 ,Yes,No,2,Somewhat Agree,2,Somewhat Agree,1,Agree,1,Excellent,2,Female,2,Black,1,41,4,3,3,3,4,4,4,1,4,4,4,4,10,,
342,London,Summer,2001,7,6,"$5,500 ","$1,750 ",$75 ,No,No,2,Somewhat Agree,2,Somewhat Agree,2,Somewhat Agree,2,Good,2,Female,4,White,4,38,2,5,5,5,2,2,2,5,5,5,6,2,7,,
343,London,Spring,1981,7,4,"$5,500 ","$1,750 ",$180 ,No,No,4,Somewhat Disagree,4,Somewhat Disagree,2,Somewhat Agree,2,Good,2,Female,1,Asian,5,55,8,5,5,5,5,5,8,5,5,5,5,8,7,,
344,Capetown,Winter,1995,7,9,"$5,500 ","$1,750 ",$22 ,No,No,1,Agree,4,Somewhat Disagree,4,Somewhat Disagree,1,Excellent,2,Female,2,Black,5,65,2,10,10,10,2,2,2,10,10,10,1,2,4,,
345,Capetown,Spring,1996,7,1,"$5,500 ","$1,750 ",$75 ,No,No,2,Somewhat Agree,2,Somewhat Agree,1,Agree,1,Excellent,1,Male,2,Black,5,45,7,2,2,1,6,6,7,2,2,1,2,7,4,,
346,Moscow,Winter,2001,7,1,"$3,500 ","$1,750 ",$435 ,No,No,2,Somewhat Agree,2,Somewhat Agree,3,Neither Agree nor Disagree,3,Fair,2,Female,3,Hispanic,5,81,4,2,4,1,4,4,4,2,4,1,4,4,10,,
347,London,Winter,1981,7,6,"$3,400 ","$1,700 ",$300 ,No,Yes,5,Disagree,4,Somewhat Disagree,5,Disagree,5,Bad,1,Male,2,Black,2,65,1,8,8,8,1,1,1,8,3,3,3,3,10,,
348,Moscow,Winter,1997,7,6,"$3,400 ","$1,700 ",$600 ,No,No,4,Somewhat Disagree,4,Somewhat Disagree,1,Agree,1,Excellent,2,Female,1,Asian,5,55,3,10,10,10,3,3,3,10,2,2,9,5,4,,
349,London,Winter,1974,6,5,"$2,900 ","$2,000 ",$375 ,No,No,2,Somewhat Agree,2,Somewhat Agree,2,Somewhat Agree,4,Poor,1,Male,3,Hispanic,5,73,5,6,9,5,1,5,5,6,9,5,8,5,3,,
350,Paris,Spring,1999,6,4,"$1,200 ","$9,500 ",$200 ,Yes,Yes,3,Neither Agree nor Disagree,4,Somewhat Disagree,2,Somewhat Agree,5,Bad,2,Female,3,Hispanic,1,41,10,5,5,5,5,10,10,5,5,5,5,10,5,,
351,Paris,Summer,2009,6,6,"$1,600 ","$1,300 ",$135 ,No,No,5,Disagree,3,Neither Agree nor Disagree,1,Agree,3,Fair,2,Female,2,Black,6,52,5,10,10,10,5,5,5,10,10,10,1,5,8,,
352,Moscow,Winter,1997,6,7,"$2,600 ","$1,300 ",$300 ,No,No,5,Disagree,3,Neither Agree nor Disagree,5,Disagree,5,Bad,1,Male,1,Asian,2,65,1,8,8,8,1,1,1,8,8,8,8,1,2,,
353,Paris,Winter,1997,6,5,"$2,600 ","$1,300 ",$135 ,No,Yes,5,Disagree,2,Somewhat Agree,1,Agree,3,Fair,2,Female,2,Black,5,52,5,10,10,10,5,5,5,10,10,10,1,5,5,,
354,Moscow,Winter,1988,6,5,"$2,600 ","$1,550 ",$150 ,Yes,No,2,Somewhat Agree,2,Somewhat Agree,5,Disagree,5,Bad,2,Female,4,White,5,45,4,2,2,2,8,10,4,2,2,2,8,10,10,,
355,Moscow,Fall,1992,6,9,"$2,600 ","$1,300 ",$135 ,Yes,Yes,1,Agree,2,Somewhat Agree,2,Somewhat Agree,2,Good,1,Male,4,White,2,31,1,3,1,1,1,1,1,3,1,1,1,1,1,,
356,London,Spring,1975,6,2,"$2,500 ","$1,250 ",$255 ,No,No,1,Agree,5,Disagree,5,Disagree,1,Excellent,2,Female,1,Asian,2,28,1,1,4,1,1,1,1,1,4,1,1,1,1,,
357,Paris,Winter,1976,6,1,"$2,400 ","$1,200 ",$88 ,Yes,Yes,2,Somewhat Agree,2,Somewhat Agree,5,Disagree,3,Fair,2,Female,3,Hispanic,5,81,8,8,5,6,8,8,8,8,5,6,8,8,8,,
358,Paris,Winter,1977,6,4,"$2,400 ","$1,200 ",$120 ,Yes,No,2,Somewhat Agree,2,Somewhat Agree,1,Agree,1,Excellent,1,Male,4,White,1,41,10,4,2,4,9,9,10,4,2,4,2,9,9,,
359,Moscow,Winter,1999,6,6,"$2,400 ","$1,250 ",$75 ,Yes,Yes,3,Neither Agree nor Disagree,3,Neither Agree nor Disagree,1,Agree,3,Fair,2,Female,3,Hispanic,2,28,2,5,5,5,5,2,2,5,5,5,5,2,2,,
360,Moscow,Winter,2001,6,1,"$2,400 ","$1,200 ",$165 ,Yes,Yes,3,Neither Agree nor Disagree,2,Somewhat Agree,1,Agree,1,Excellent,1,Male,3,Hispanic,5,34,6,8,5,8,6,6,6,8,5,8,5,6,6,,
361,London,Summer,2009,6,8,"$3,200 ","$1,150 ",$200 ,Yes,No,5,Disagree,5,Disagree,2,Somewhat Agree,2,Good,2,Female,2,Black,6,46,5,2,4,1,5,5,5,2,4,1,5,5,5,,
362,Paris,Summer,2000,6,6,"$3,200 ","$1,150 ",$975 ,Yes,Yes,4,Somewhat Disagree,4,Somewhat Disagree,5,Disagree,4,Poor,1,Male,4,White,7,50,3,4,5,5,3,3,3,4,5,5,5,3,3,,
363,Paris,Winter,2000,6,5,"$3,200 ","$2,000 ",$165 ,Yes,Yes,1,Agree,1,Agree,5,Disagree,4,Poor,2,Female,4,White,5,55,7,8,7,7,7,7,7,8,7,7,7,7,7,,
364,Tokyo,Winter,1997,6,3,"$3,200 ","$1,150 ",$285 ,No,Yes,2,Somewhat Agree,1,Agree,1,Agree,2,Good,2,Female,3,Hispanic,6,49,1,10,8,8,1,1,1,10,8,8,1,1,1,,
365,Tokyo,Winter,2003,6,12,"$3,200 ","$1,150 ",$330 ,No,Yes,2,Somewhat Agree,1,Agree,3,Neither Agree nor Disagree,4,Poor,2,Female,2,Black,6,51,6,7,7,7,3,3,6,7,7,7,3,3,3,,
366,Moscow,Winter,1999,6,11,"$3,200 ","$1,150 ",$75 ,Yes,Yes,3,Neither Agree nor Disagree,3,Neither Agree nor Disagree,1,Agree,3,Fair,2,Female,3,Hispanic,6,28,2,5,5,5,5,2,2,5,5,5,5,2,2,,
367,Paris,Winter,1975,6,6,"$3,200 ","$1,150 ",$495 ,No,Yes,5,Disagree,3,Neither Agree nor Disagree,1,Agree,2,Good,2,Female,2,Black,6,49,1,5,5,5,1,1,1,5,5,5,1,1,1,,
368,Moscow,Spring,1987,6,3,"$3,200 ","$1,150 ",$100 ,Yes,No,1,Agree,1,Agree,5,Disagree,4,Poor,2,Female,2,Black,5,47,5,2,4,1,5,5,5,2,4,1,5,5,5,,
369,Paris,Spring,2004,6,9,"$3,200 ","$1,100 ",$18 ,Yes,Yes,1,Agree,1,Agree,1,Agree,1,Excellent,2,Female,4,White,5,34,1,10,10,10,1,1,1,10,10,10,1,1,1,,
370,London,Summer,2006,6,1,"$3,200 ","$1,100 ",$250 ,Yes,Yes,3,Neither Agree nor Disagree,3,Neither Agree nor Disagree,2,Somewhat Agree,3,Fair,2,Female,1,Asian,1,45,10,9,9,9,10,10,10,9,9,9,1,9,9,,
371,Paris,Winter,1975,6,6,"$3,200 ","$1,100 ",$200 ,No,No,1,Agree,1,Agree,3,Neither Agree nor Disagree,3,Fair,2,Female,2,Black,6,54,7,6,8,5,2,2,2,6,8,5,2,7,7,,
372,Paris,Winter,1996,6,6,"$3,200 ","$1,100 ",$240 ,Yes,Yes,2,Somewhat Agree,2,Somewhat Agree,5,Disagree,5,Bad,1,Male,4,White,6,49,8,6,6,5,4,3,3,5,8,5,8,8,8,,
373,Capetown,Winter,1999,6,5,"$3,200 ","$1,100 ",$60 ,Yes,Yes,5,Disagree,5,Disagree,3,Neither Agree nor Disagree,3,Fair,1,Male,3,Hispanic,5,23,1,9,9,4,3,3,3,4,4,4,4,1,1,,
374,Paris,Winter,1996,6,6,"$2,200 ","$1,100 ",$375 ,No,No,3,Neither Agree nor Disagree,2,Somewhat Agree,5,Disagree,5,Bad,2,Female,1,Asian,5,55,5,4,5,4,5,5,5,4,5,4,5,5,5,,
375,Moscow,Summer,2003,6,4,"$1,500 ","$1,100 ",$110 ,Yes,Yes,1,Agree,1,Agree,3,Neither Agree nor Disagree,3,Fair,1,Male,1,Asian,5,76,5,3,3,3,5,5,5,3,3,3,3,5,5,,
376,Paris,Fall,1981,6,9,"$2,100 ","$1,050 ",$250 ,No,No,3,Neither Agree nor Disagree,3,Neither Agree nor Disagree,3,Neither Agree nor Disagree,3,Fair,1,Male,4,White,2,61,10,5,5,5,10,10,10,5,5,5,5,3,3,,
377,Tokyo,Spring,1993,5,5,"$2,500 ","$1,250 ",$750 ,No,Yes,1,Agree,1,Agree,5,Disagree,1,Excellent,2,Female,1,Asian,1,52,3,2,2,2,3,3,3,2,2,2,9,3,3,,
378,Moscow,Spring,1996,5,6,"$2,300 ","$1,150 ",$30 ,No,Yes,1,Agree,4,Somewhat Disagree,2,Somewhat Agree,2,Good,1,Male,4,White,6,48,5,4,8,4,5,5,5,4,8,4,8,5,5,,
379,Moscow,Winter,2000,5,7,"$2,200 ","$1,100 ",$975 ,Yes,Yes,4,Somewhat Disagree,4,Somewhat Disagree,5,Disagree,4,Poor,2,Female,4,White,7,50,3,4,5,5,3,3,3,4,5,5,3,3,3,,
380,Paris,Spring,2001,5,2,"$1,500 ","$1,250 ",$660 ,Yes,No,1,Agree,3,Neither Agree nor Disagree,1,Agree,1,Excellent,1,Male,1,Asian,2,29,6,5,4,5,6,6,6,5,4,5,6,6,6,,
381,Paris,Winter,1999,5,5,"$2,500 ","$9,500 ",$165 ,No,No,3,Neither Agree nor Disagree,1,Agree,3,Neither Agree nor Disagree,5,Bad,2,Female,1,Asian,5,52,2,1,4,2,2,2,2,1,4,2,2,2,2,,
382,Capetown,Summer,1996,5,8,"$2,500 ","$2,000 ",$88 ,No,No,2,Somewhat Agree,2,Somewhat Agree,2,Somewhat Agree,5,Bad,1,Male,3,Hispanic,6,58,2,1,4,2,2,2,2,1,4,2,4,2,2,,
383,Paris,Winter,1994,5,5,"$3,000 ","$2,000 ",$250 ,No,Yes,3,Neither Agree nor Disagree,3,Neither Agree nor Disagree,3,Neither Agree nor Disagree,3,Fair,1,Male,1,Asian,2,61,2,9,9,9,2,2,2,9,3,3,3,2,2,,
384,London,Spring,1995,5,6,"$3,400 ","$1,050 ",$600 ,No,Yes,1,Agree,4,Somewhat Disagree,2,Somewhat Agree,2,Good,1,Male,4,White,6,48,5,4,8,4,5,5,5,4,8,4,8,5,5,,
385,London,Summer,2000,5,5,"$3,300 ","$1,650 ",$105 ,No,No,1,Agree,2,Somewhat Agree,1,Agree,4,Poor,2,Female,4,White,5,81,4,3,3,4,5,4,4,2,3,4,5,3,3,,
386,Paris,Summer,2003,5,7,"$3,300 ","$1,650 ",$825 ,No,No,5,Disagree,2,Somewhat Agree,2,Somewhat Agree,1,Excellent,2,Female,2,Black,6,54,7,6,8,5,7,7,7,6,8,5,7,7,7,,
387,Tokyo,Winter,2001,5,4,"$3,300 ","$1,300 ",$30 ,No,No,1,Agree,4,Somewhat Disagree,2,Somewhat Agree,1,Excellent,2,Female,1,Asian,4,35,5,9,3,6,6,6,6,3,3,6,6,5,5,,
388,Capetown,Winter,2001,5,1,"$3,300 ","$1,650 ",$175 ,Yes,No,5,Disagree,5,Disagree,5,Disagree,5,Bad,1,Male,4,White,5,45,3,5,5,5,3,3,3,5,5,5,5,3,3,,
389,Tokyo,Winter,1979,5,5,"$2,800 ","$1,200 ",$330 ,Yes,No,3,Neither Agree nor Disagree,1,Agree,3,Neither Agree nor Disagree,5,Bad,2,Female,3,Hispanic,5,73,5,3,6,2,2,3,3,6,6,2,6,5,5,,
390,Capetown,Winter,1986,5,2,"$2,800 ","$1,200 ",$175 ,Yes,No,1,Agree,5,Disagree,5,Disagree,5,Bad,2,Female,4,White,5,45,3,5,5,5,3,3,3,5,5,5,5,3,3,,
391,London,Winter,1981,5,5,"$2,800 ","$1,200 ",$250 ,No,Yes,3,Neither Agree nor Disagree,3,Neither Agree nor Disagree,3,Neither Agree nor Disagree,3,Fair,2,Female,4,White,5,61,2,9,2,5,8,8,8,2,2,5,2,2,2,,
392,London,Spring,2006,5,6,"$2,800 ","$1,200 ",$435 ,Yes,No,5,Disagree,3,Neither Agree nor Disagree,3,Neither Agree nor Disagree,3,Fair,2,Female,1,Asian,5,41,10,4,1,4,9,10,10,4,1,4,8,10,10,,
393,Capetown,Spring,1999,5,2,"$2,800 ","$1,200 ",$75 ,No,No,2,Somewhat Agree,5,Disagree,2,Somewhat Agree,1,Excellent,1,Male,1,Asian,2,28,1,1,4,1,1,1,1,1,4,1,4,1,1,,
394,Capetown,Spring,1999,5,5,"$2,800 ","$1,200 ",$175 ,Yes,Yes,3,Neither Agree nor Disagree,4,Somewhat Disagree,5,Disagree,5,Bad,2,Female,2,Black,5,45,10,5,5,5,10,10,10,5,5,5,3,3,3,,
395,Moscow,Spring,1999,5,9,"$2,800 ","$1,200 ",$165 ,No,No,2,Somewhat Agree,4,Somewhat Disagree,4,Somewhat Disagree,4,Poor,1,Male,3,Hispanic,5,68,1,4,4,4,1,1,1,4,4,4,4,1,1,,
396,Capetown,Spring,1996,5,6,"$2,800 ","$1,200 ",$75 ,No,No,2,Somewhat Agree,2,Somewhat Agree,2,Somewhat Agree,2,Good,2,Female,4,White,5,38,2,5,5,5,6,2,2,5,5,5,6,2,2,,
397,Moscow,Spring,1999,5,6,"$2,800 ","$1,200 ",$340 ,Yes,Yes,5,Disagree,5,Disagree,5,Disagree,5,Bad,2,Female,2,Black,5,25,4,2,7,3,2,5,5,7,7,3,2,4,4,,
398,Moscow,Fall,1974,5,5,"$2,800 ","$1,200 ",$240 ,Yes,Yes,2,Somewhat Agree,5,Disagree,5,Disagree,5,Bad,1,Male,4,White,5,35,2,1,1,3,2,2,2,1,1,3,1,2,2,,
399,London,Fall,1995,5,7,"$2,800 ","$1,200 ",$135 ,No,Yes,3,Neither Agree nor Disagree,1,Agree,2,Somewhat Agree,2,Good,1,Male,2,Black,7,50,1,5,5,5,1,1,1,5,5,5,5,1,1,,
400,London,Spring,1991,5,6,"$2,800 ","$1,200 ",$345 ,No,No,1,Agree,5,Disagree,2,Somewhat Agree,2,Good,1,Male,2,Black,6,49,4,4,6,2,2,2,2,4,4,2,2,4,4,,
401,London,Winter,1999,5,5,"$2,800 ","$1,200 ",$180 ,No,No,3,Neither Agree nor Disagree,2,Somewhat Agree,2,Somewhat Agree,2,Good,1,Male,1,Asian,5,29,1,10,4,10,1,1,1,10,4,10,4,1,4,,
402,Capetown,Fall,1974,5,2,"$2,800 ","$1,200 ",$390 ,Yes,Yes,2,Somewhat Agree,5,Disagree,5,Disagree,5,Bad,2,Female,4,White,2,65,9,6,6,6,2,9,9,6,6,6,9,9,3,,
403,Paris,Winter,2003,5,6,"$2,800 ","$1,200 ",$750 ,Yes,Yes,1,Agree,1,Agree,2,Somewhat Agree,5,Bad,1,Male,4,White,5,65,2,2,2,4,3,3,2,5,2,4,2,2,6,,
404,Tokyo,Winter,2003,5,9,"$2,800 ","$1,200 ",$330 ,Yes,No,2,Somewhat Agree,2,Somewhat Agree,1,Agree,1,Excellent,1,Male,3,Hispanic,1,41,10,4,2,4,10,10,4,4,9,9,9,3,1,,
405,Paris,Spring,1996,5,5,"$2,900 ","$1,200 ",$60 ,Yes,No,2,Somewhat Agree,4,Somewhat Disagree,4,Somewhat Disagree,4,Poor,2,Female,4,White,3,30,6,5,5,5,5,5,6,5,5,5,5,6,1,,
406,Tokyo,Winter,1999,5,3,"$2,900 ","$1,200 ",$700 ,No,Yes,2,Somewhat Agree,2,Somewhat Agree,1,Agree,1,Excellent,1,Male,2,Black,3,36,5,7,6,6,5,5,4,7,9,9,9,8,1,,
407,Tokyo,Winter,2006,5,6,"$2,900 ","$1,200 ",$600 ,No,No,4,Somewhat Disagree,4,Somewhat Disagree,1,Agree,1,Excellent,2,Female,4,White,6,25,1,3,2,6,5,5,5,3,6,6,5,1,3,,
408,Moscow,Winter,1971,5,6,"$2,900 ","$1,200 ",$60 ,No,No,2,Somewhat Agree,4,Somewhat Disagree,3,Neither Agree nor Disagree,3,Fair,1,Male,3,Hispanic,6,29,1,4,4,4,1,1,1,4,8,8,8,1,8,,
409,Paris,Summer,1992,5,7,"$2,800 ","$1,400 ",$375 ,No,Yes,5,Disagree,1,Agree,2,Somewhat Agree,2,Good,1,Male,1,Asian,7,50,6,8,3,8,2,2,6,8,3,8,3,5,2,,
410,Paris,Summer,1999,5,5,"$2,800 ","$1,400 ",$225 ,No,Yes,1,Agree,1,Agree,5,Disagree,2,Good,2,Female,3,Hispanic,5,45,4,7,5,7,4,4,4,7,5,7,4,4,4,,
411,Tokyo,Summer,2001,5,6,"$2,800 ","$1,400 ",$600 ,No,No,3,Neither Agree nor Disagree,2,Somewhat Agree,5,Disagree,1,Excellent,2,Female,4,White,6,25,1,3,2,4,1,1,1,3,2,4,1,1,3,,
412,London,Winter,1974,5,4,"$2,800 ","$1,400 ",$375 ,No,No,2,Somewhat Agree,3,Neither Agree nor Disagree,3,Neither Agree nor Disagree,5,Bad,1,Male,3,Hispanic,5,73,5,6,9,5,1,5,5,6,9,5,8,5,3,,
413,Paris,Winter,1999,5,5,"$2,800 ","$1,400 ",$225 ,Yes,Yes,1,Agree,1,Agree,2,Somewhat Agree,2,Good,2,Female,3,Hispanic,5,45,4,7,5,3,1,1,1,7,3,3,1,4,10,,
414,Moscow,Winter,1970,5,5,"$2,800 ","$1,400 ",$90 ,No,No,3,Neither Agree nor Disagree,1,Agree,2,Somewhat Agree,3,Fair,2,Female,3,Hispanic,6,54,5,6,6,6,5,5,5,6,6,6,5,5,7,,
415,Moscow,Winter,2001,5,1,"$1,200 ","$1,350 ",$120 ,Yes,Yes,1,Agree,1,Agree,4,Somewhat Disagree,4,Poor,2,Female,3,Hispanic,5,47,5,2,4,1,5,5,5,2,4,1,5,5,7,,
416,Capetown,Fall,1984,4,6,"$2,950 ","$1,100 ",$255 ,No,No,2,Somewhat Agree,3,Neither Agree nor Disagree,3,Neither Agree nor Disagree,3,Fair,2,Female,2,Black,4,35,4,5,5,7,4,4,4,5,5,7,4,4,4,,
417,Capetown,Fall,1995,4,2,"$2,950 ","$1,100 ",$90 ,No,No,3,Neither Agree nor Disagree,2,Somewhat Agree,3,Neither Agree nor Disagree,3,Fair,1,Male,3,Hispanic,6,54,5,6,6,4,4,4,4,6,6,4,6,5,4,,
418,London,Winter,1975,4,3,"$2,950 ","$1,400 ",$120 ,No,Yes,5,Disagree,5,Disagree,5,Disagree,5,Bad,2,Female,4,White,3,36,3,6,6,2,2,3,3,6,6,2,6,3,3,,
419,Capetown,Winter,1994,4,4,"$2,950 ","$1,400 ",$105 ,Yes,Yes,2,Somewhat Agree,1,Agree,1,Agree,1,Excellent,2,Female,2,Black,6,76,2,5,8,3,3,2,2,5,8,3,8,2,2,,Q24-Q29
420,Paris,Spring,1974,4,5,"$2,950 ","$1,250 ",$105 ,No,Yes,4,Somewhat Disagree,4,Somewhat Disagree,1,Agree,4,Poor,1,Male,3,Hispanic,2,65,2,6,5,5,2,2,2,6,5,5,5,2,2,,
421,Paris,Summer,1979,4,5,"$2,950 ","$1,200 ",$180 ,No,No,5,Disagree,5,Disagree,2,Somewhat Agree,2,Good,1,Male,1,Asian,5,81,9,4,5,6,7,9,9,4,5,6,5,9,9,,1=Very Important
422,Moscow,Winter,1991,4,3,"$2,950 ","$1,100 ",$150 ,Yes,Yes,1,Agree,3,Neither Agree nor Disagree,2,Somewhat Agree,2,Good,2,Female,4,White,2,31,5,4,4,4,5,5,5,4,4,4,5,5,5,,10=Very Unimportant
423,London,Spring,1995,4,6,"$2,950 ","$1,800 ",$75 ,No,No,2,Somewhat Agree,5,Disagree,2,Somewhat Agree,4,Poor,1,Male,1,Asian,6,54,3,5,8,5,4,3,3,5,8,5,8,3,3,,
424,Moscow,Spring,1978,4,6,"$2,950 ","$1,650 ",$75 ,No,No,2,Somewhat Agree,2,Somewhat Agree,2,Somewhat Agree,2,Good,2,Female,4,White,4,38,2,5,5,5,6,2,2,5,5,5,6,2,2,,
425,Capetown,Winter,1971,4,6,"$2,950 ","$1,600 ",$180 ,No,No,2,Somewhat Agree,2,Somewhat Agree,2,Somewhat Agree,2,Good,2,Female,4,White,5,31,1,3,4,3,1,1,1,3,4,3,1,1,1,,
426,Paris,Spring,1971,4,1,"$2,950 ","$1,550 ",$88 ,Yes,Yes,2,Somewhat Agree,2,Somewhat Agree,5,Disagree,3,Fair,1,Male,3,Hispanic,5,81,8,8,5,6,8,8,8,8,5,6,5,8,8,,
427,Tokyo,Winter,1971,4,6,"$2,950 ","$1,150 ",$60 ,No,No,5,Disagree,5,Disagree,3,Neither Agree nor Disagree,1,Excellent,1,Male,3,Hispanic,6,29,1,4,4,4,1,1,1,4,4,4,4,1,1,,
428,Paris,Summer,1974,4,8,"$2,950 ","$1,000 ",$105 ,No,Yes,5,Disagree,4,Somewhat Disagree,1,Agree,1,Excellent,1,Male,3,Hispanic,6,65,2,6,5,5,2,2,1,6,5,5,5,4,4,,
429,Paris,Spring,1974,4,5,"$1,900 ","$1,150 ",$165 ,No,No,3,Neither Agree nor Disagree,3,Neither Agree nor Disagree,4,Somewhat Disagree,4,Poor,2,Female,1,Asian,5,52,2,1,4,2,2,2,2,1,4,2,2,2,2,,
430,London,Winter,2005,4,5,"$2,200 ","$1,300 ",$120 ,No,No,1,Agree,2,Somewhat Agree,3,Neither Agree nor Disagree,1,Excellent,1,Male,2,Black,6,54,8,5,5,5,6,6,6,5,5,5,6,8,8,,
431,Paris,Spring,1984,4,1,"$2,800 ","$1,400 ",$255 ,No,No,3,Neither Agree nor Disagree,3,Neither Agree nor Disagree,3,Neither Agree nor Disagree,3,Fair,2,Female,2,Black,4,35,4,5,5,5,4,4,4,5,5,5,4,4,4,,
432,London,Winter,1970,4,6,"$2,600 ","$1,300 ",$120 ,No,No,5,Disagree,1,Agree,2,Somewhat Agree,5,Bad,1,Male,2,Black,6,49,4,4,6,4,4,4,4,4,6,4,6,4,4,,
433,Paris,Winter,1980,4,3,"$2,600 ","$9,500 ",$375 ,No,Yes,5,Disagree,3,Neither Agree nor Disagree,4,Somewhat Disagree,4,Poor,1,Male,1,Asian,3,36,1,8,8,8,1,1,1,8,8,8,4,1,1,,
434,Moscow,Fall,1986,4,7,"$1,800 ","$1,100 ",$600 ,No,Yes,4,Somewhat Disagree,4,Somewhat Disagree,1,Agree,2,Good,1,Male,1,Asian,5,55,3,10,10,10,3,3,3,10,10,10,10,3,3,,
435,Tokyo,Winter,2003,4,1,"$2,000 ","$1,100 ",$345 ,Yes,No,4,Somewhat Disagree,4,Somewhat Disagree,2,Somewhat Agree,2,Good,1,Male,3,Hispanic,1,41,10,4,2,4,9,9,10,4,2,4,2,9,9,,
436,Moscow,Winter,2005,4,1,"$2,100 ","$1,050 ",$75 ,No,Yes,5,Disagree,5,Disagree,2,Somewhat Agree,5,Bad,1,Male,2,Black,5,55,10,1,1,1,8,10,10,1,1,1,1,10,10,,
437,Moscow,Spring,2003,4,9,"$2,100 ","$1,250 ",$210 ,Yes,Yes,2,Somewhat Agree,2,Somewhat Agree,3,Neither Agree nor Disagree,2,Good,2,Female,4,White,3,36,3,2,2,2,3,3,3,2,2,2,3,3,3,,
438,London,Spring,1990,4,1,"$2,100 ","$1,250 ",$75 ,No,No,2,Somewhat Agree,2,Somewhat Agree,1,Agree,2,Good,1,Male,1,Asian,6,54,5,8,8,8,5,5,5,8,8,8,8,4,4,,
439,Tokyo,Winter,2003,4,9,"$2,000 ","$1,000 ",$330 ,Yes,No,2,Somewhat Agree,2,Somewhat Agree,1,Agree,1,Excellent,2,Female,3,Hispanic,6,41,10,4,2,4,10,10,4,4,9,9,9,3,3,,
440,Paris,Winter,2000,4,7,"$2,000 ","$1,000 ",$165 ,Yes,No,1,Agree,1,Agree,4,Somewhat Disagree,4,Poor,2,Female,4,White,5,55,7,8,7,7,7,7,8,8,5,5,1,1,1,,
441,London,Winter,1991,4,2,"$2,000 ","$1,000 ","$1,170 ",Yes,Yes,2,Somewhat Agree,3,Neither Agree nor Disagree,5,Disagree,5,Bad,2,Female,3,Hispanic,6,55,9,5,3,5,9,9,2,5,10,10,1,1,1,,
442,Paris,Winter,1997,4,5,"$1,900 ","$9,500 ",$79 ,No,No,1,Agree,3,Neither Agree nor Disagree,4,Somewhat Disagree,5,Bad,1,Male,3,Hispanic,5,23,4,8,9,3,5,4,4,8,9,3,5,4,4,,
443,London,Spring,1989,4,1,"$1,900 ","$9,500 ",$75 ,No,No,1,Agree,1,Agree,5,Disagree,1,Excellent,2,Female,1,Asian,1,54,5,4,4,4,5,5,5,4,4,4,9,1,1,,
444,Paris,Fall,1989,4,5,"$1,900 ","$9,500 ",$345 ,No,No,2,Somewhat Agree,2,Somewhat Agree,5,Disagree,2,Good,1,Male,1,Asian,5,55,5,4,5,4,5,5,5,4,5,4,5,5,5,,
445,Capetown,Summer,1997,4,1,"$2,100 ","$2,750 ",$18 ,Yes,Yes,1,Agree,1,Agree,5,Disagree,1,Excellent,1,Male,4,White,5,34,7,8,8,8,7,7,7,8,9,9,9,7,7,,
446,Capetown,Summer,1997,4,5,"$2,000 ","$2,000 ",$175 ,Yes,No,5,Disagree,5,Disagree,5,Disagree,5,Bad,1,Male,3,Hispanic,5,45,3,5,5,5,3,3,3,5,5,5,5,3,3,,
447,Moscow,Winter,1997,4,5,"$5,000 ","$2,000 ",$435 ,No,No,2,Somewhat Agree,2,Somewhat Agree,3,Neither Agree nor Disagree,3,Fair,2,Female,3,Hispanic,5,81,4,2,4,1,4,4,4,2,4,1,4,4,4,,
448,Moscow,Winter,1995,4,7,"$5,500 ","$2,000 ",$150 ,No,No,3,Neither Agree nor Disagree,1,Agree,2,Somewhat Agree,4,Poor,2,Female,4,White,6,68,3,2,5,1,3,3,3,2,5,1,3,3,3,,
449,Capetown,Summer,2003,4,9,"$3,300 ","$1,100 ",$22 ,No,Yes,1,Agree,1,Agree,5,Disagree,5,Bad,1,Male,2,Black,5,57,2,9,9,9,2,2,2,9,4,4,4,2,2,,
450,Capetown,Summer,2000,4,7,"$3,300 ","$1,650 ",$150 ,No,Yes,3,Neither Agree nor Disagree,5,Disagree,5,Disagree,5,Bad,1,Male,2,Black,7,70,2,8,8,8,2,2,2,8,5,5,5,2,2,,
451,Capetown,Spring,2003,4,2,"$3,200 ","$1,600 ",$180 ,Yes,Yes,5,Disagree,5,Disagree,3,Neither Agree nor Disagree,3,Fair,2,Female,2,Black,2,24,10,9,9,9,10,10,10,9,9,9,1,9,9,,
452,Capetown,Spring,2003,4,3,"$3,200 ","$2,000 ",$210 ,Yes,Yes,1,Agree,2,Somewhat Agree,3,Neither Agree nor Disagree,3,Fair,2,Female,4,White,3,36,7,6,6,6,7,7,7,6,6,6,5,6,6,,
453,London,Winter,1992,4,5,"$3,200 ","$1,600 ",$75 ,Yes,No,2,Somewhat Agree,2,Somewhat Agree,1,Agree,2,Good,2,Female,4,White,5,41,4,3,4,4,1,1,1,4,4,4,1,4,4,,
454,London,Fall,1997,4,1,"$3,000 ","$1,500 ",$75 ,Yes,Yes,1,Agree,2,Somewhat Agree,2,Somewhat Agree,4,Poor,1,Male,4,White,1,55,5,7,7,7,5,5,5,7,7,7,7,2,2,,
455,Moscow,Spring,2001,4,10,"$2,900 ","$1,250 ",$435 ,No,No,4,Somewhat Disagree,2,Somewhat Agree,3,Neither Agree nor Disagree,3,Fair,2,Female,3,Hispanic,5,81,4,2,4,1,4,4,4,2,4,1,4,4,4,,
456,Moscow,Winter,2001,4,9,"$2,800 ","$1,250 ",$150 ,Yes,No,3,Neither Agree nor Disagree,3,Neither Agree nor Disagree,3,Neither Agree nor Disagree,3,Fair,2,Female,1,Asian,1,41,10,4,1,4,10,10,10,4,1,4,9,10,10,,
457,London,Winter,1991,4,7,"$2,800 ","$1,250 ",$660 ,Yes,No,2,Somewhat Agree,2,Somewhat Agree,2,Somewhat Agree,1,Excellent,1,Male,2,Black,5,55,2,5,2,4,2,2,2,5,2,4,3,3,3,,
458,London,Winter,1982,4,3,"$1,100 ","$1,300 ",$150 ,Yes,Yes,4,Somewhat Disagree,5,Disagree,2,Somewhat Agree,3,Fair,1,Male,1,Asian,7,50,4,4,4,4,4,4,4,4,4,4,4,4,4,,
459,London,Winter,1989,4,4,"$2,600 ","$1,300 ",$18 ,Yes,Yes,2,Somewhat Agree,2,Somewhat Agree,4,Somewhat Disagree,2,Good,1,Male,3,Hispanic,5,34,7,8,6,6,7,6,6,6,6,6,6,7,7,,
460,Tokyo,Spring,1986,4,7,"$2,500 ","$1,250 ",$79 ,No,Yes,1,Agree,1,Agree,5,Disagree,4,Poor,2,Female,3,Hispanic,1,19,5,4,4,4,5,5,5,4,4,4,9,4,4,,
461,Paris,Spring,1974,3,10,"$3,000 ","$1,350 ",$105 ,No,Yes,4,Somewhat Disagree,4,Somewhat Disagree,1,Agree,4,Poor,1,Male,3,Hispanic,2,65,2,6,5,5,2,2,2,6,5,5,5,2,2,,
462,London,Summer,1982,3,1,"$3,000 ","$1,350 ",$150 ,Yes,Yes,4,Somewhat Disagree,5,Disagree,2,Somewhat Agree,3,Fair,2,Female,1,Asian,7,50,4,4,4,4,4,4,4,4,4,4,4,4,4,,
463,Paris,Summer,1979,3,4,"$3,000 ","$1,050 ",$120 ,Yes,Yes,1,Agree,2,Somewhat Agree,5,Disagree,3,Fair,2,Female,3,Hispanic,6,46,5,2,4,1,5,5,5,2,4,1,5,5,5,,
464,Paris,Winter,1996,3,12,"$3,000 ","$1,400 ",$180 ,No,No,2,Somewhat Agree,1,Agree,5,Disagree,2,Good,1,Male,1,Asian,5,81,9,4,5,6,7,9,9,4,5,6,5,9,9,,
465,London,Summer,2009,3,5,"$3,000 ","$1,400 ",$500 ,No,No,2,Somewhat Agree,2,Somewhat Agree,2,Somewhat Agree,2,Good,1,Male,3,Hispanic,5,59,6,3,3,3,6,6,6,3,3,3,3,1,1,,
466,Paris,Spring,1974,3,9,"$2,200 ","$1,300 ",$165 ,No,No,3,Neither Agree nor Disagree,3,Neither Agree nor Disagree,4,Somewhat Disagree,4,Poor,2,Female,1,Asian,6,52,2,1,4,2,2,2,2,1,4,2,2,2,2,,
467,London,Spring,1990,3,1,"$2,200 ","$1,250 ",$200 ,Yes,Yes,1,Agree,1,Agree,5,Disagree,1,Excellent,2,Female,3,Hispanic,1,41,5,8,8,8,5,5,5,8,8,8,1,4,4,,
468,London,Fall,1993,3,1,"$2,200 ","$1,250 ",$345 ,No,No,5,Disagree,5,Disagree,2,Somewhat Agree,2,Good,1,Male,2,Black,6,49,4,4,6,4,4,4,4,4,6,4,6,4,4,,
469,London,Spring,1971,3,1,"$2,200 ","$1,100 ",$110 ,No,No,1,Agree,1,Agree,5,Disagree,5,Bad,1,Male,1,Asian,1,35,9,6,6,6,2,9,9,6,6,6,6,9,9,,
470,Capetown,Summer,1971,3,6,"$2,200 ","$1,650 ",$175 ,Yes,Yes,4,Somewhat Disagree,4,Somewhat Disagree,5,Disagree,5,Bad,2,Female,2,Black,5,45,5,4,5,6,5,5,5,4,5,6,5,5,5,,
471,London,Winter,1991,3,5,"$2,200 ","$1,100 ",$90 ,No,Yes,2,Somewhat Agree,3,Neither Agree nor Disagree,1,Agree,1,Excellent,2,Female,4,White,2,61,2,9,2,5,8,8,8,2,2,5,2,2,2,,
472,London,Winter,1991,3,5,"$2,200 ","$1,100 ",$135 ,No,No,3,Neither Agree nor Disagree,2,Somewhat Agree,2,Somewhat Agree,3,Fair,2,Female,4,White,5,45,7,7,8,9,1,1,1,8,8,9,1,7,7,,
473,London,Winter,1993,3,7,"$2,000 ","$1,400 ",$345 ,No,No,5,Disagree,5,Disagree,2,Somewhat Agree,4,Poor,1,Male,2,Black,6,49,4,4,6,4,4,4,4,4,6,4,6,4,4,,
474,London,Winter,2008,3,12,"$2,000 ","$1,050 ",$22 ,Yes,Yes,1,Agree,5,Disagree,1,Agree,3,Fair,1,Male,1,Asian,7,50,4,4,4,4,4,4,4,4,4,4,4,4,4,,
475,London,Winter,1992,3,1,"$2,000 ","$1,300 ",$75 ,Yes,No,2,Somewhat Agree,2,Somewhat Agree,1,Agree,2,Good,2,Female,4,White,1,41,4,3,4,4,1,1,1,4,4,4,1,4,4,,
476,London,Spring,1993,3,5,"$2,000 ","$1,150 ","$1,170 ",Yes,No,3,Neither Agree nor Disagree,3,Neither Agree nor Disagree,5,Disagree,2,Good,2,Female,3,Hispanic,5,55,9,5,3,5,8,9,9,5,3,5,8,9,9,,
477,London,Spring,1993,3,6,"$1,600 ","$1,150 ",$120 ,Yes,Yes,2,Somewhat Agree,2,Somewhat Agree,4,Somewhat Disagree,4,Poor,2,Female,2,Black,6,46,4,2,2,2,4,4,4,2,2,2,4,4,4,,
478,London,Winter,1989,3,12,"$1,600 ","$1,200 ",$200 ,No,No,1,Agree,1,Agree,5,Disagree,2,Good,2,Female,2,Black,6,54,6,5,5,5,8,5,6,5,5,5,8,6,6,,
479,Paris,Winter,1977,3,11,"$1,600 ","$1,000 ",$495 ,No,Yes,1,Agree,1,Agree,5,Disagree,1,Excellent,2,Female,2,Black,6,49,1,5,5,5,1,1,1,5,5,5,1,1,4,,
480,Capetown,Summer,1991,3,7,"$1,600 ","$1,950 ",$400 ,No,No,3,Neither Agree nor Disagree,3,Neither Agree nor Disagree,3,Neither Agree nor Disagree,3,Fair,2,Female,1,Asian,6,68,5,5,5,5,5,5,5,5,2,2,9,5,3,,
481,Capetown,Fall,1980,3,6,"$1,600 ","$1,650 ",$110 ,No,Yes,1,Agree,1,Agree,5,Disagree,3,Fair,2,Female,1,Asian,5,76,3,6,6,6,3,3,3,6,3,3,3,3,6,,
482,Capetown,Fall,1995,3,1,"$1,600 ","$1,100 ",$75 ,Yes,No,2,Somewhat Agree,2,Somewhat Agree,1,Agree,1,Excellent,2,Female,3,Hispanic,1,41,4,3,3,3,4,4,4,1,4,4,4,4,1,,
483,Capetown,Fall,1991,3,2,"$1,800 ","$1,200 ",$150 ,Yes,Yes,1,Agree,1,Agree,5,Disagree,2,Good,2,Female,1,Asian,2,31,5,4,4,4,5,5,6,4,7,7,7,4,1,,
484,Capetown,Spring,1987,3,1,"$1,800 ","$1,250 ",$180 ,No,Yes,3,Neither Agree nor Disagree,3,Neither Agree nor Disagree,3,Neither Agree nor Disagree,3,Fair,2,Female,3,Hispanic,1,41,1,4,4,4,1,1,1,4,4,4,4,2,1,,
485,Paris,Spring,1988,3,6,"$1,200 ",$800 ,$240 ,Yes,Yes,2,Somewhat Agree,2,Somewhat Agree,5,Disagree,5,Bad,1,Male,4,White,6,49,5,8,8,8,5,5,5,8,8,8,8,4,3,,
486,Moscow,Winter,1992,3,5,"$1,200 ",$800 ,$135 ,Yes,Yes,2,Somewhat Agree,2,Somewhat Agree,2,Somewhat Agree,2,Good,1,Male,3,Hispanic,6,31,1,3,1,1,1,1,1,3,10,10,10,1,8,,
487,Capetown,Fall,1991,3,4,"$1,200 ",$800 ,$150 ,No,No,5,Disagree,1,Agree,2,Somewhat Agree,2,Good,2,Female,2,Black,6,68,3,2,5,1,3,3,3,2,5,1,3,3,2,,
488,London,Summer,1999,3,1,"$1,200 ",$800 ,$300 ,Yes,Yes,5,Disagree,4,Somewhat Disagree,5,Disagree,5,Bad,2,Female,2,Black,6,25,4,2,2,2,4,4,4,2,6,6,6,4,4,,
489,London,Fall,1997,3,7,"$1,200 ",$800 ,$315 ,No,No,1,Agree,5,Disagree,3,Neither Agree nor Disagree,4,Poor,1,Male,2,Black,4,38,4,4,5,5,4,4,4,4,5,5,4,4,3,,
490,Moscow,Winter,1997,3,8,"$1,200 ",$800 ,$300 ,No,Yes,5,Disagree,5,Disagree,5,Disagree,5,Bad,1,Male,1,Asian,2,65,1,8,8,8,1,1,1,8,8,8,8,1,3,,
491,Paris,Winter,2001,3,8,"$1,000 ",$600 ,$105 ,No,Yes,1,Agree,1,Agree,5,Disagree,1,Excellent,1,Male,1,Asian,2,42,5,3,3,3,5,5,5,3,3,3,3,5,10,,
492,Paris,Summer,2003,3,2,"$1,000 ",$600 ,$225 ,No,Yes,2,Somewhat Agree,2,Somewhat Agree,2,Somewhat Agree,2,Good,2,Female,2,Black,2,65,6,5,5,5,6,6,6,5,5,5,6,6,7,,
493,Paris,Winter,1999,3,1,"$1,000 ",$600 ,$150 ,Yes,No,2,Somewhat Agree,3,Neither Agree nor Disagree,3,Neither Agree nor Disagree,2,Good,1,Male,3,Hispanic,5,45,4,2,2,2,8,10,4,2,2,2,2,10,7,,
494,Paris,Winter,2001,3,8,"$1,000 ",$600 ,$105 ,No,Yes,2,Somewhat Agree,5,Disagree,3,Neither Agree nor Disagree,2,Good,1,Male,3,Hispanic,2,65,2,6,5,5,2,2,2,6,5,5,5,2,4,,
495,Tokyo,Winter,2001,3,4,"$1,000 ",$600 ,$330 ,No,Yes,1,Agree,3,Neither Agree nor Disagree,3,Neither Agree nor Disagree,5,Bad,2,Female,2,Black,6,51,6,7,7,7,3,3,6,7,7,7,3,3,4,,
496,London,Spring,1989,3,1,"$1,000 ",$500 ,$225 ,Yes,Yes,4,Somewhat Disagree,4,Somewhat Disagree,3,Neither Agree nor Disagree,4,Poor,2,Female,1,Asian,1,48,1,10,10,10,1,1,1,10,10,10,1,1,1,,
497,Moscow,Fall,1995,3,12,"$1,000 ",$500 ,$30 ,No,Yes,3,Neither Agree nor Disagree,3,Neither Agree nor Disagree,1,Agree,1,Excellent,1,Male,4,White,6,48,5,4,8,4,5,5,5,4,8,4,8,5,5,,
498,Moscow,Fall,1987,3,5,"$1,000 ",$550 ,$100 ,Yes,No,1,Agree,1,Agree,4,Somewhat Disagree,4,Poor,1,Male,2,Black,5,47,5,2,4,1,5,5,5,2,4,1,5,5,5,,
499,London,Spring,1992,3,6,"$1,000 ",$550 ,$75 ,Yes,No,2,Somewhat Agree,2,Somewhat Agree,1,Agree,2,Good,1,Male,4,White,1,41,4,7,7,7,4,4,4,7,7,7,4,4,4,,
500,Paris,Fall,1995,3,5,"$1,000 ",$550 ,$150 ,Yes,No,3,Neither Agree nor Disagree,3,Neither Agree nor Disagree,4,Somewhat Disagree,5,Bad,1,Male,1,Asian,3,37,5,4,4,4,5,5,5,4,4,4,4,4,4,,
